update,condition,seed0,seed1,seed2,seed3,seed4,mean,sample_std,valid_seed_count,source
1,OFF,1.2237578630447388e-06,6.918562576174736e-07,1.2944219633936882e-06,4.038214683532715e-06,5.972106009721756e-07,1.5690922737121582e-06,1.4146874321719508e-06,5,TensorBoard
2,OFF,5.555339157581329e-07,4.2445026338100433e-07,9.262003004550934e-07,2.9249349609017372e-06,2.9173679649829865e-07,1.0245712473988533e-06,1.0883756972156949e-06,5,TensorBoard
3,OFF,2.557644620537758e-07,4.84054908156395e-07,7.520429790019989e-07,1.5527475625276566e-06,2.738088369369507e-07,6.636837497353554e-07,5.359358474277937e-07,5,TensorBoard
4,OFF,1.842854544520378e-07,3.514578565955162e-07,3.6193523555994034e-07,1.5175901353359222e-06,2.5262124836444855e-07,5.33577986061573e-07,5.549438814807385e-07,5,TensorBoard
5,OFF,2.455199137330055e-07,2.4959444999694824e-07,4.895264282822609e-07,7.021008059382439e-07,1.1548399925231934e-07,3.6044511944055555e-07,2.3392959231112066e-07,5,TensorBoard
6,OFF,1.3026874512434006e-07,2.1257437765598297e-07,3.9534643292427063e-07,3.585591912269592e-08,7.264316082000732e-08,1.6933772712945937e-07,1.428661616874707e-07,5,TensorBoard
7,OFF,8.649658411741257e-08,1.4295801520347595e-07,4.3795444071292877e-07,4.0046870708465576e-08,4.563480615615845e-08,1.5061814337968826e-07,1.6581609325228448e-07,5,TensorBoard
8,OFF,8.812639862298965e-08,5.6228600442409515e-08,6.39352947473526e-07,2.012820914387703e-07,1.0558869689702988e-07,2.1811574697494506e-07,2.4160461861233247e-07,5,TensorBoard
9,OFF,2.1338928490877151e-07,2.7474015951156616e-08,6.721820682287216e-07,4.4621992856264114e-07,1.7671845853328705e-07,3.071967512369156e-07,2.532839116953817e-07,5,TensorBoard
10,OFF,3.377208486199379e-07,7.206108421087265e-08,6.416812539100647e-07,4.778848960995674e-07,1.234002411365509e-07,3.305496647953987e-07,2.388980912547814e-07,5,TensorBoard
11,OFF,3.2549723982810974e-07,8.323695510625839e-08,5.876063369214535e-07,5.459878593683243e-07,8.335337042808533e-08,3.2513635233044625e-07,2.421984413280328e-07,5,TensorBoard
12,OFF,3.9907172322273254e-07,7.241033017635345e-08,4.543690010905266e-07,7.42846168577671e-07,8.509960025548935e-08,3.507593646645546e-07,2.805594402167625e-07,5,TensorBoard
13,OFF,3.848690539598465e-07,6.682239472866058e-08,4.617031663656235e-07,4.847534000873566e-07,3.6729034036397934e-08,2.86975409835577e-07,2.1812822292820996e-07,5,TensorBoard
14,OFF,2.868473529815674e-07,5.657784640789032e-08,2.7066562324762344e-07,6.842892616987228e-07,3.364402800798416e-08,2.6640482246875764e-07,2.6137540212711537e-07,5,TensorBoard
15,OFF,2.166489139199257e-07,5.25033101439476e-08,1.9010622054338455e-07,3.5157427191734314e-07,5.168840289115906e-08,1.72504223883152e-07,1.2581866708486707e-07,5,TensorBoard
16,OFF,2.3189932107925415e-07,5.122274160385132e-08,2.3259781301021576e-07,4.320172592997551e-07,1.3201497495174408e-07,2.1595042198896408e-07,1.426505775924973e-07,5,TensorBoard
17,OFF,1.7101410776376724e-07,3.4924596548080444e-08,1.6891863197088242e-07,5.116453394293785e-07,1.1210795491933823e-07,1.9972212612628936e-07,1.8296418045560935e-07,5,TensorBoard
18,OFF,1.494772732257843e-07,4.284083843231201e-08,2.505257725715637e-07,5.410402081906796e-07,1.0826624929904938e-07,2.184300683438778e-07,1.95467113093175e-07,5,TensorBoard
19,OFF,1.5075784176588058e-07,7.799826562404633e-08,2.0617153495550156e-07,3.9872247725725174e-07,2.5494955480098724e-08,1.7182901501655579e-07,1.4432767643236888e-07,5,TensorBoard
20,OFF,1.4354009181261063e-07,1.284060999751091e-07,3.359746187925339e-07,5.809124559164047e-08,1.8044374883174896e-08,1.368112862110138e-07,1.2256057792672573e-07,5,TensorBoard
21,OFF,1.0803341865539551e-07,1.8690479919314384e-07,3.255554474890232e-07,5.2386894822120667e-08,2.3690517991781235e-08,1.393142156302929e-07,1.2129957430467722e-07,5,TensorBoard
22,OFF,1.1373776942491531e-07,7.310882210731506e-08,3.9348378777503967e-07,2.491287887096405e-08,3.975583240389824e-08,1.2899981811642646e-07,1.5174574432160966e-07,5,TensorBoard
23,OFF,6.926711648702621e-08,6.472691893577576e-08,2.5227200239896774e-07,7.788185030221939e-08,5.372567102313042e-08,1.0357471182942391e-07,8.357944773742593e-08,5,TensorBoard
24,OFF,4.093162715435028e-07,6.484333425760269e-08,3.4528784453868866e-07,3.969762474298477e-08,7.08969309926033e-08,1.8600840121507644e-07,1.7647578683459092e-07,5,TensorBoard
25,OFF,3.350432962179184e-07,2.9569491744041443e-08,2.5134067982435226e-07,3.3155083656311035e-07,5.9371814131736755e-08,2.0137522369623184e-07,1.4747166546712545e-07,5,TensorBoard
26,OFF,2.618180587887764e-07,5.005858838558197e-08,3.2223761081695557e-07,1.1797528713941574e-06,7.869675755500793e-08,3.7851277738809587e-07,4.627477822708284e-07,5,TensorBoard
27,OFF,1.2136297300457954e-07,1.3969838619232178e-07,2.4586915969848633e-07,1.4718389138579369e-06,8.498318493366241e-08,4.127505235373974e-07,5.950657969246114e-07,5,TensorBoard
28,OFF,1.4493707567453384e-07,2.210726961493492e-07,1.484295353293419e-07,2.61794775724411e-06,1.050066202878952e-07,6.474787369370461e-07,1.1023207899565468e-06,5,TensorBoard
29,OFF,1.701992005109787e-07,2.1979212760925293e-07,1.6367994248867035e-07,7.350463420152664e-07,1.3725366443395615e-07,2.8519425541162493e-07,2.532391890576428e-07,5,TensorBoard
30,OFF,2.578599378466606e-07,1.9685830920934677e-07,4.133908078074455e-07,1.6170088201761246e-07,1.9767321646213531e-07,2.4549663066864016e-07,1.0001974659314198e-07,5,TensorBoard
31,OFF,2.521555870771408e-07,1.9709113985300064e-07,2.1979212760925293e-07,1.300359144806862e-07,2.314336597919464e-07,2.061016857624054e-07,4.695021413894444e-08,5,TensorBoard
32,OFF,2.3446045815944672e-07,1.5052501112222672e-07,3.0512455850839615e-07,2.210610546171665e-06,3.9779115468263626e-07,6.597023457288742e-07,8.717412670062812e-07,5,TensorBoard
33,OFF,1.9615981727838516e-07,1.8114224076271057e-07,1.1078082025051117e-06,3.644963726401329e-06,3.6926940083503723e-07,1.0998686775565147e-06,1.4724210604193506e-06,5,TensorBoard
34,OFF,2.169981598854065e-07,1.8079299479722977e-07,1.0533258318901062e-06,6.302492693066597e-06,4.650792106986046e-07,1.6437377780675888e-06,2.6276231188869823e-06,5,TensorBoard
35,OFF,2.3760367184877396e-07,2.4796463549137115e-07,9.451759979128838e-07,5.946611054241657e-06,3.3318065106868744e-07,1.5421072021126748e-06,2.4796178584107336e-06,5,TensorBoard
36,OFF,2.882443368434906e-07,2.5366898626089096e-07,8.690403774380684e-07,8.26444011181593e-06,4.797475412487984e-07,2.0310282707214357e-06,3.4931508989989435e-06,5,TensorBoard
37,OFF,1.4831312000751495e-07,3.105960786342621e-07,7.182825356721878e-07,1.36034213937819e-05,5.142064765095711e-07,3.058963920921087e-06,5.8984230323978106e-06,5,TensorBoard
38,OFF,1.5052501112222672e-07,3.416789695620537e-07,4.229368641972542e-07,2.1990854293107986e-05,8.807983249425888e-07,4.757358692586422e-06,9.637549577934749e-06,5,TensorBoard
39,OFF,2.2223684936761856e-07,4.4016633182764053e-07,3.1315721571445465e-07,1.2315460480749607e-05,4.3655745685100555e-08,2.666935324668884e-06,5.3956221978064885e-06,5,TensorBoard
40,OFF,5.611218512058258e-07,4.672328941524029e-07,5.330657586455345e-07,1.5811994671821594e-05,1.3364478945732117e-07,3.501411993056536e-06,6.883947452555509e-06,5,TensorBoard
41,OFF,5.834735929965973e-07,5.622860044240952e-07,2.461019903421402e-07,1.0814983397722244e-05,1.5611294656991959e-07,2.4725915864109995e-06,4.667356440033485e-06,5,TensorBoard
42,OFF,7.646158337593079e-07,7.260823622345924e-07,1.0157236829400063e-07,1.775287091732025e-05,7.601920515298843e-08,3.8842321373522285e-06,7.759768974627602e-06,5,TensorBoard
43,OFF,3.2351817935705185e-07,5.944166332483292e-07,2.200249582529068e-08,1.4117453247308731e-05,8.434290066361427e-08,3.0283466912806033e-06,6.203097225539203e-06,5,TensorBoard
44,OFF,4.5925844460725784e-08,4.150206223130226e-07,4.520406946539879e-07,2.8719427064061165e-05,2.948218025267124e-07,5.9854472056031225e-06,1.2709673595510041e-05,5,TensorBoard
45,OFF,1.8510036170482635e-07,5.709589459002018e-07,1.032138243317604e-06,1.8568942323327065e-05,1.6600824892520905e-07,4.104629624634981e-06,8.093497723230178e-06,5,TensorBoard
46,OFF,2.4258624762296677e-06,5.452893674373627e-07,8.442439138889313e-07,3.6473735235631466e-05,2.3283064365386963e-07,8.104392327368259e-06,1.5881408896898904e-05,5,TensorBoard
47,OFF,1.6995472833514214e-06,8.818460628390312e-07,6.598420441150665e-07,3.463728353381157e-05,1.7264392226934433e-07,7.610232569277287e-06,1.5118651747950117e-05,5,TensorBoard
48,OFF,4.502711817622185e-06,1.1685770004987717e-06,1.7259735614061356e-06,2.6647932827472687e-05,4.380708560347557e-07,6.896653212606907e-06,1.1147915422074656e-05,5,TensorBoard
49,OFF,2.8406502678990364e-06,1.077074557542801e-06,3.900495357811451e-06,2.7439440600574017e-05,2.823071554303169e-07,7.107993587851524e-06,1.145456220421665e-05,5,TensorBoard
50,OFF,6.3980696722865105e-06,1.3565877452492714e-06,3.779307007789612e-06,3.074953565374017e-05,6.310292519629002e-07,8.582905866205693e-06,1.2596225253998226e-05,5,TensorBoard
51,OFF,3.2389070838689804e-06,1.0952353477478027e-06,1.0202871635556221e-05,1.726532354950905e-05,3.989553079009056e-07,6.440258584916592e-06,7.187742319054456e-06,5,TensorBoard
52,OFF,5.042180418968201e-06,1.9515864551067352e-06,1.291697844862938e-05,1.559522934257984e-05,6.35744072496891e-07,7.2283437475562096e-06,6.6792811630583e-06,5,TensorBoard
53,OFF,1.968350261449814e-06,2.2061867639422417e-06,9.284005500376225e-06,8.530798368155956e-06,6.66128471493721e-07,4.531093873083592e-06,4.046560589727653e-06,5,TensorBoard
54,OFF,1.3069948181509972e-06,3.6981073208153248e-06,6.7979563027620316e-06,3.1015370041131973e-06,5.145557224750519e-07,3.0838302336633207e-06,2.4459506298338755e-06,5,TensorBoard
55,OFF,8.408678695559502e-07,2.4072942323982716e-06,9.503797627985477e-06,3.1495001167058945e-06,1.033884473145008e-06,3.3870688639581204e-06,3.551456894432901e-06,5,TensorBoard
56,OFF,2.9650982469320297e-07,3.1055533327162266e-06,7.744238246232271e-06,8.506467565894127e-06,2.0309817045927048e-06,4.336750134825707e-06,3.6108681112488816e-06,5,TensorBoard
57,OFF,1.3239914551377296e-06,2.2192252799868584e-06,1.328176585957408e-05,6.3650659285485744e-06,2.5529880076646805e-06,5.148607306182384e-06,4.938983818581371e-06,5,TensorBoard
58,OFF,1.6808044165372849e-06,2.9111397452652454e-06,1.5553785488009453e-05,2.9198708944022655e-06,3.3320393413305283e-06,5.279527977108956e-06,5.776701805894491e-06,5,TensorBoard
59,OFF,1.7527490854263306e-06,2.8721988201141357e-06,1.6270671039819717e-05,1.950189471244812e-06,2.7997884899377823e-06,5.129119381308556e-06,6.248182094183932e-06,5,TensorBoard
60,OFF,2.1315645426511765e-06,4.017725586891174e-06,1.2943637557327747e-05,1.023290678858757e-07,2.395769115537405e-06,4.318205174058676e-06,5.018444499376147e-06,5,TensorBoard
61,OFF,3.0886149033904076e-06,3.2624229788780212e-06,5.658657755702734e-06,5.78584149479866e-08,5.9532467275857925e-06,3.6041601561009884e-06,2.3821206598477077e-06,5,TensorBoard
62,OFF,6.810412742197514e-06,6.522051990032196e-06,1.7231795936822891e-06,2.702232450246811e-06,8.124392479658127e-06,5.1764538511633875e-06,2.7936388816570106e-06,5,TensorBoard
63,OFF,4.064291715621948e-06,5.985959433019161e-06,1.7951242625713348e-06,4.3065520003438e-06,7.645576260983944e-06,4.759500734508038e-06,2.197136709832266e-06,5,TensorBoard
64,OFF,2.394779585301876e-06,6.847316399216652e-06,1.9422732293605804e-06,5.570938810706139e-06,6.254762411117554e-06,4.60201408714056e-06,2.272547039755772e-06,5,TensorBoard
65,OFF,1.7570564523339272e-06,3.6490964703261852e-06,5.9407902881503105e-06,1.0981922969222069e-05,4.0762824937701225e-06,5.2810297347605225e-06,3.5166915363746502e-06,5,TensorBoard
66,OFF,2.08243727684021e-06,2.9531074687838554e-06,1.0046642273664474e-05,3.2552634365856647e-06,5.2551040425896645e-06,4.7185108996927735e-06,3.197011991553947e-06,5,TensorBoard
67,OFF,4.516681656241417e-06,2.094660885632038e-06,1.2910517398267984e-05,6.852205842733383e-07,6.953021511435509e-06,5.432020407170057e-06,4.815321478588991e-06,5,TensorBoard
68,OFF,8.800881914794445e-06,2.3774919100105762e-06,1.2486591003835201e-05,2.1928572095930576e-06,7.296563126146793e-06,6.630877032876015e-06,4.39399448757267e-06,5,TensorBoard
69,OFF,2.1061627194285393e-05,2.770102582871914e-06,8.527364116162062e-06,4.601723048835993e-06,6.741844117641449e-06,8.740532211959363e-06,7.221934428246578e-06,5,TensorBoard
70,OFF,4.177470691502094e-05,5.12879341840744e-06,4.188157618045807e-06,7.008318789303303e-06,6.884685717523098e-06,1.2996932491660118e-05,1.613137844943752e-05,5,TensorBoard
71,OFF,1.5614437870681286e-05,6.794056389480829e-06,5.77711034566164e-06,1.0600429959595203e-05,5.726120434701443e-06,8.90243100002408e-06,4.2495899271812756e-06,5,TensorBoard
72,OFF,1.5918281860649586e-05,6.896443665027618e-06,8.950824849307537e-06,7.627415470778942e-06,7.542315870523453e-06,9.387056343257427e-06,3.7265855551746995e-06,5,TensorBoard
73,OFF,8.607516065239906e-06,4.3030595406889915e-06,3.6850105971097946e-06,1.681444700807333e-06,6.356276571750641e-06,4.926661495119333e-06,2.648324849121183e-06,5,TensorBoard
74,OFF,3.7770951166749e-06,5.220179446041584e-06,4.8818765208125114e-06,1.6603153198957443e-06,6.5793865360319614e-06,4.4237705878913404e-06,1.8402229765901712e-06,5,TensorBoard
75,OFF,4.877801984548569e-07,5.672336556017399e-06,2.871849574148655e-06,4.211673513054848e-06,7.040391210466623e-06,4.056806210428476e-06,2.5336619020403044e-06,5,TensorBoard
76,OFF,4.833564162254333e-07,2.373126335442066e-06,1.8831342458724976e-06,2.763117663562298e-06,7.01163662597537e-06,2.902874257415533e-06,2.4533665259512846e-06,5,TensorBoard
77,OFF,1.1012889444828033e-06,1.5005934983491898e-07,5.437876097857952e-06,2.22714152187109e-06,2.2635795176029205e-06,2.235989086329937e-06,1.993211430292116e-06,5,TensorBoard
78,OFF,1.5114201232790947e-06,2.328888513147831e-07,3.7574791349470615e-06,4.54997643828392e-06,2.1818559616804123e-06,2.4467241019010545e-06,1.7311675487964626e-06,5,TensorBoard
79,OFF,1.1730007827281952e-06,1.4458782970905304e-07,6.608082912862301e-06,2.459273673593998e-06,2.577726263552904e-06,2.5925342924892903e-06,2.457138867810581e-06,5,TensorBoard
80,OFF,8.567003533244133e-07,4.548346623778343e-07,4.77978028357029e-06,1.0931398719549179e-07,4.6388013288378716e-06,2.16788612306118e-06,2.335534506708915e-06,5,TensorBoard
81,OFF,7.365597411990166e-07,1.6257399693131447e-07,7.491325959563255e-07,9.872019290924072e-08,2.3132888600230217e-06,8.120550774037838e-07,8.935930261962057e-07,5,TensorBoard
82,OFF,2.184417098760605e-06,3.247987478971481e-08,4.30387444794178e-07,1.0604271665215492e-06,2.8162612579762936e-06,1.3047945685684681e-06,1.1727484037621602e-06,5,TensorBoard
83,OFF,1.1404044926166534e-06,1.289299689233303e-07,9.289942681789398e-08,1.985812559723854e-06,1.2021046131849289e-06,9.100302122533322e-07,8.021078067345717e-07,5,TensorBoard
84,OFF,7.953494787216187e-07,3.828899934887886e-07,3.2212119549512863e-07,3.7866411730647087e-06,8.53085657581687e-06,2.763571683317423e-06,3.5288266694306884e-06,5,TensorBoard
85,OFF,2.667773514986038e-06,8.8132219389081e-07,1.4544930309057236e-06,1.909851562231779e-06,2.0308303646743298e-05,5.4443487897515295e-06,8.334856861239435e-06,5,TensorBoard
86,OFF,4.795612767338753e-06,3.309687599539757e-07,7.325434125959873e-07,8.812639862298965e-08,2.501375274732709e-05,6.192200817167759e-06,1.0696061190358208e-05,5,TensorBoard
87,OFF,3.1744129955768585e-06,1.1996598914265633e-07,4.038563929498196e-06,6.025657057762146e-07,2.3052329197525978e-05,6.19756756350398e-06,9.5671970380251e-06,5,TensorBoard
88,OFF,2.5727786123752594e-06,1.203734427690506e-07,7.09842424839735e-06,5.704350769519806e-07,2.292916178703308e-05,6.658234633505345e-06,9.505691987214294e-06,5,TensorBoard
89,OFF,8.511822670698166e-06,6.181653589010239e-08,3.3507822081446648e-06,2.8077629394829273e-06,1.7484300769865513e-05,6.443297024816275e-06,6.88633812801408e-06,5,TensorBoard
90,OFF,2.4653389118611813e-05,1.0008225217461586e-06,4.756497219204903e-06,7.320893928408623e-06,1.119985245168209e-05,9.786291047930718e-06,9.104809539831691e-06,5,TensorBoard
91,OFF,1.6067642718553543e-05,1.1741649359464645e-06,6.04637898504734e-06,7.597380317747593e-06,6.9177476689219475e-06,7.5606629252433775e-06,5.38200255054612e-06,5,TensorBoard
92,OFF,7.66967423260212e-06,1.3365643098950386e-06,2.4466426111757755e-06,7.595052011311054e-06,4.668137989938259e-06,4.7432142309844496e-06,2.89751135451205e-06,5,TensorBoard
93,OFF,4.0495069697499275e-06,1.2581003829836845e-06,1.1348165571689606e-06,7.88422767072916e-06,3.30235343426466e-06,3.5258010029792787e-06,2.746786872683439e-06,5,TensorBoard
94,OFF,4.231231287121773e-06,5.958136171102524e-07,2.6096822693943977e-06,3.9887381717562675e-06,1.98843190446496e-06,2.6827794499695303e-06,1.4955032074747681e-06,5,TensorBoard
95,OFF,1.868116669356823e-06,2.864981070160866e-07,3.571214620023966e-06,8.530332706868649e-07,3.961671609431505e-06,2.108106855303049e-06,1.6223016098217786e-06,5,TensorBoard
96,OFF,2.103624865412712e-07,1.6787089407444e-07,3.421562723815441e-06,6.274785846471786e-08,4.285946488380432e-06,1.6296980902552605e-06,2.053851245460511e-06,5,TensorBoard
97,OFF,2.6205088943243027e-07,1.7473939806222916e-07,1.921900548040867e-06,4.057073965668678e-08,1.0510324500501156e-05,2.5819172151386738e-06,4.498054879724435e-06,5,TensorBoard
98,OFF,1.996522769331932e-07,2.8137583285570145e-07,1.393142156302929e-06,3.719469532370567e-08,1.1719879694283009e-05,2.7262489311397075e-06,5.05605270393302e-06,5,TensorBoard
99,OFF,2.528540790081024e-07,1.043081283569336e-07,2.635875716805458e-06,3.5099219530820847e-07,1.1330703273415565e-05,2.9349466785788536e-06,4.807835488195527e-06,5,TensorBoard
100,OFF,1.3550743460655212e-07,3.0349474400281906e-07,9.810435585677624e-06,1.3830140233039856e-07,1.0893330909311771e-05,4.256214015185833e-06,5.578129493108176e-06,5,TensorBoard
101,OFF,7.520429790019989e-08,1.0663643479347229e-07,8.822069503366947e-06,5.3318217396736145e-08,2.1252664737403393e-05,6.06197863817215e-06,9.2976692450633e-06,5,TensorBoard
102,OFF,4.6333298087120056e-07,6.740447133779526e-08,2.4141045287251472e-06,4.275352694094181e-07,3.676384221762419e-05,8.02724389359355e-06,1.6090577831935617e-05,5,TensorBoard
103,OFF,1.5530968084931374e-06,2.1478626877069473e-07,4.457542672753334e-07,1.357286237180233e-06,3.4164171665906906e-05,7.547019049525261e-06,1.4890452550059614e-05,5,TensorBoard
104,OFF,9.065261110663414e-07,4.6245986595749855e-07,5.101319402456284e-07,1.2376811355352402e-05,2.65088165178895e-05,8.152949158102274e-06,1.1454756718785365e-05,5,TensorBoard
105,OFF,6.423215381801128e-07,6.904592737555504e-07,2.544838935136795e-07,2.2672058548778296e-05,1.8326216377317905e-05,8.517107926309108e-06,1.1046728943726983e-05,5,TensorBoard
106,OFF,3.239838406443596e-07,8.549541234970093e-07,2.8248177841305733e-07,1.4764256775379181e-05,2.1608953829854727e-05,7.566926069557667e-06,9.99442370870858e-06,5,TensorBoard
107,OFF,6.507616490125656e-08,6.284099072217941e-07,2.591405063867569e-07,7.4588460847735405e-06,2.8284266591072083e-05,7.3391478508710865e-06,1.2111822255003917e-05,5,TensorBoard
108,OFF,2.3399479687213898e-08,9.005307219922543e-07,4.412839189171791e-06,8.040224201977253e-06,3.987347008660436e-05,1.0650092735886574e-05,1.6641071918425698e-05,5,TensorBoard
109,OFF,1.1292286217212677e-08,2.68744770437479e-07,3.935652785003185e-06,5.4533593356609344e-06,5.604233592748642e-06,3.0546565540134906e-06,2.741060150859225e-06,5,TensorBoard
110,OFF,3.5157427191734314e-08,1.6123522073030472e-07,8.363276720046997e-07,1.4920951798558235e-06,3.9266888052225113e-07,5.834968760609627e-07,5.926362015744905e-07,5,TensorBoard
111,OFF,2.444721758365631e-08,1.3399403542280197e-07,1.150183379650116e-07,1.0082731023430824e-06,2.08965502679348e-07,2.9813963919878006e-07,4.023761591954058e-07,5,TensorBoard
112,OFF,9.901123121380806e-08,2.390006557106972e-07,5.067558959126472e-07,3.952300176024437e-07,3.5064294934272766e-07,3.1812814995646475e-07,1.556082590538072e-07,5,TensorBoard
113,OFF,2.3050233721733093e-08,3.551831468939781e-07,1.5124678611755371e-06,1.2206146493554115e-07,1.9547296687960625e-06,7.934984751045704e-07,8.806124774167723e-07,5,TensorBoard
114,OFF,2.2177118808031082e-08,3.996537998318672e-07,3.999914042651653e-06,1.76264438778162e-06,3.555789589881897e-06,1.9480357877910137e-06,1.7983231790781031e-06,5,TensorBoard
115,OFF,6.984919309616089e-09,2.0314473658800125e-07,2.126791514456272e-06,1.3087992556393147e-06,1.2037926353514194e-06,9.699026122689247e-07,8.693496898720177e-07,5,TensorBoard
116,OFF,8.287606760859489e-07,6.048940122127533e-07,1.6135163605213165e-07,4.4069020077586174e-07,3.0981493182480335e-05,6.603437941521406e-06,1.3629920577595151e-05,5,TensorBoard
117,OFF,6.059417501091957e-07,1.4209654182195663e-06,5.931360647082329e-07,2.36614141613245e-07,5.183904431760311e-05,1.093914033845067e-05,2.2867863169786965e-05,5,TensorBoard
118,OFF,4.2764004319906235e-06,4.143803380429745e-06,3.9266888052225113e-07,1.8865102902054787e-07,3.934488631784916e-05,9.669282007962465e-06,1.6704741032023007e-05,5,TensorBoard
119,OFF,7.4348063208162785e-06,1.0373769327998161e-06,1.9406434148550034e-07,1.2590317055583e-07,1.5612575225532055e-05,4.880945198237896e-06,6.727562402862505e-06,5,TensorBoard
120,OFF,3.339373506605625e-06,4.2456667870283127e-07,4.7963112592697144e-08,3.8568396121263504e-07,1.0416144505143166e-05,2.922746352851391e-06,4.39506996519635e-06,5,TensorBoard
121,OFF,2.034008502960205e-06,6.562331691384315e-07,5.327747203409672e-07,1.4039105735719204e-06,1.2010452337563038e-05,3.3274758607149123e-06,4.891654467005118e-06,5,TensorBoard
122,OFF,3.1989766284823418e-06,5.494221113622189e-07,2.882443368434906e-07,3.4350669011473656e-06,2.0898878574371338e-05,5.674117710441351e-06,8.634279822974625e-06,5,TensorBoard
123,OFF,4.650675691664219e-06,5.174078978598118e-07,1.6897101886570454e-06,1.6238773241639137e-06,2.720719203352928e-05,7.137772627174854e-06,1.1323436993361329e-05,5,TensorBoard
124,OFF,2.561137080192566e-06,4.5762863010168076e-07,5.27483643963933e-06,2.3923348635435104e-07,4.72476240247488e-05,1.1156091932207347e-05,2.0277425990601456e-05,5,TensorBoard
125,OFF,2.277083694934845e-07,1.6496051102876663e-07,6.005284376442432e-06,1.7619458958506584e-07,3.5975303035229445e-05,8.509890176355838e-06,1.555879833450739e-05,5,TensorBoard
126,OFF,3.470340743660927e-07,1.210719347000122e-07,6.379559636116028e-06,2.454034984111786e-07,4.460307536646724e-05,1.033922890201211e-05,1.933798177031202e-05,5,TensorBoard
127,OFF,2.260785549879074e-07,1.564621925354004e-07,3.5694101825356483e-06,1.8100254237651825e-06,8.821790106594563e-05,1.8795975483953954e-05,3.8833127190359535e-05,5,TensorBoard
128,OFF,1.0593794286251068e-07,1.855660229921341e-07,2.2554886527359486e-06,8.043716661632061e-07,0.0001053705345839262,2.1744379773736e-05,4.6756387799467205e-05,5,TensorBoard
129,OFF,8.284114301204681e-07,1.7683487385511398e-07,1.8497230485081673e-06,8.963979780673981e-07,0.00011180178262293339,2.3110629990696906e-05,4.9583452495748475e-05,5,TensorBoard
130,OFF,1.0154908522963524e-06,2.3375614546239376e-06,2.473825588822365e-07,1.2438977137207985e-06,0.0001229001791216433,2.5548902340233325e-05,5.4426156094877736e-05,5,TensorBoard
131,OFF,9.060604497790337e-07,5.344976671040058e-06,4.97384462505579e-07,9.69739630818367e-07,7.601827383041382e-05,1.6747287008911372e-05,3.3192609692404646e-05,5,TensorBoard
132,OFF,2.5209737941622734e-06,5.030189640820026e-06,2.752058207988739e-07,1.6763806343078613e-07,6.035511614754796e-05,1.3669824693351983e-05,2.617337132901828e-05,5,TensorBoard
133,OFF,3.7513673305511475e-06,3.3410033211112022e-06,7.520429790019989e-07,5.3085386753082275e-08,3.0268740374594927e-05,7.633247878402472e-06,1.2754094683080305e-05,5,TensorBoard
134,OFF,2.034474164247513e-06,2.012355253100395e-06,2.5316840037703514e-06,2.391752786934376e-07,1.7381971701979637e-05,4.8399320803582665e-06,7.065117037858812e-06,5,TensorBoard
135,OFF,3.9674341678619385e-07,2.2448948584496975e-06,1.989188604056835e-06,9.156065061688423e-07,8.099363185465336e-06,2.729159314185381e-06,3.096380792148814e-06,5,TensorBoard
136,OFF,4.598405212163925e-08,1.5880214050412178e-06,1.7493730410933495e-06,3.828899934887886e-07,7.34702916815877e-06,2.222659531980753e-06,2.9584031977651346e-06,5,TensorBoard
137,OFF,4.648463800549507e-07,8.449424058198929e-07,1.1860392987728119e-06,2.1653249859809875e-07,5.219015292823315e-06,1.5862751752138138e-06,2.0639986274590333e-06,5,TensorBoard
138,OFF,7.23288394510746e-07,1.298496499657631e-06,7.455237209796906e-07,7.776543498039246e-08,2.197630237787962e-06,1.0085408575832843e-06,7.929214490799177e-07,5,TensorBoard
139,OFF,6.825430318713188e-07,1.2275471817702055e-05,1.926906406879425e-06,2.153683453798294e-08,8.352799341082573e-07,3.1483476050198076e-06,5.1479057594283536e-06,5,TensorBoard
140,OFF,1.9720755517482758e-07,1.755997072905302e-05,4.475063178688288e-06,1.5192199498414993e-08,1.8293503671884537e-06,4.815356805920601e-06,7.34551055076326e-06,5,TensorBoard
141,OFF,1.8766149878501892e-07,9.854265954345465e-06,2.8336653485894203e-06,2.707820385694504e-07,1.6960548236966133e-06,2.9684859327971934e-06,4.001931248041907e-06,5,TensorBoard
142,OFF,1.7276033759117126e-07,5.182402674108744e-06,3.752065822482109e-07,8.320785127580166e-07,7.032649591565132e-07,1.453142613172531e-06,2.100996345385803e-06,5,TensorBoard
143,OFF,9.41217876970768e-07,6.750109605491161e-06,4.5693013817071915e-08,2.160377334803343e-06,1.0046642273664474e-06,2.180412411689758e-06,2.662590263390763e-06,5,TensorBoard
144,OFF,8.149072527885437e-08,8.634524419903755e-06,8.85920599102974e-08,2.2466410882771015e-06,9.213108569383621e-07,2.394511830061674e-06,3.598516242926409e-06,5,TensorBoard
145,OFF,6.100162863731384e-08,3.6509009078145027e-06,1.1693919077515602e-07,4.544854164123535e-07,4.6408968046307564e-07,9.494833648204803e-07,1.5215794702057166e-06,5,TensorBoard
146,OFF,1.2082746252417564e-06,2.2926833480596542e-06,2.8067734092473984e-07,6.82193785905838e-08,4.001776687800884e-07,8.500064723193645e-07,9.147875859268115e-07,5,TensorBoard
147,OFF,2.3692846298217773e-06,2.7531059458851814e-06,1.1004740372300148e-06,5.40225300937891e-07,3.2029347494244576e-06,1.9932049326598644e-06,1.1281012786914855e-06,5,TensorBoard
148,OFF,1.935637556016445e-06,1.5258556231856346e-06,2.2511230781674385e-06,1.000124029815197e-06,1.3841548934578896e-05,4.110857844352722e-06,5.4597492420692036e-06,5,TensorBoard
149,OFF,1.3295793905854225e-06,2.1101441234350204e-06,9.897630661725998e-07,5.573965609073639e-07,2.0996376406401396e-05,5.196651909500361e-06,8.850602780143398e-06,5,TensorBoard
150,OFF,3.9227306842803955e-06,1.1417432688176632e-06,6.085028871893883e-07,2.4563632905483246e-08,7.942551746964455e-06,2.728018444031477e-06,3.2762775350767075e-06,5,TensorBoard
151,OFF,5.290377885103226e-06,2.825399860739708e-07,1.3060634955763817e-06,1.8975697457790375e-08,3.253924660384655e-06,2.0303763449192046e-06,2.22204714890983e-06,5,TensorBoard
152,OFF,2.484535798430443e-06,2.9301736503839493e-07,6.098998710513115e-07,6.728805601596832e-08,2.1149171516299248e-06,1.1139316484332085e-06,1.1072419356717015e-06,5,TensorBoard
153,OFF,9.242212399840355e-07,1.1210795491933823e-07,3.3760443329811096e-08,3.0687078833580017e-07,1.9761850126087666e-05,4.22776211053133e-06,8.690841740475874e-06,5,TensorBoard
154,OFF,1.3549579307436943e-06,1.759035512804985e-07,7.281778380274773e-07,1.9907020032405853e-08,2.131756627932191e-05,4.719302523881197e-06,9.293506373005893e-06,5,TensorBoard
155,OFF,2.5150366127490997e-06,3.0407682061195374e-07,2.1264422684907913e-06,4.309695214033127e-07,1.737650018185377e-05,4.550605081021786e-06,7.237542553912248e-06,5,TensorBoard
156,OFF,3.611086867749691e-06,5.866168066859245e-07,3.777444362640381e-06,2.527376636862755e-07,1.0421557817608118e-05,3.729888703674078e-06,4.085509408892032e-06,5,TensorBoard
157,OFF,2.6120105758309364e-06,1.076958142220974e-06,2.2957101464271545e-06,1.9330764189362526e-07,5.74957812204957e-06,2.3855129256844522e-06,2.1150874685036587e-06,5,TensorBoard
158,OFF,7.649650797247887e-07,5.182810127735138e-07,1.1736992746591568e-06,1.0838266462087631e-07,5.139329005032778e-06,1.5409314073622227e-06,2.048380957104918e-06,5,TensorBoard
159,OFF,7.022172212600708e-07,3.709574230015278e-07,4.1566090658307076e-06,1.7171259969472885e-07,1.8092396203428507e-05,4.698778502643108e-06,7.662894457642675e-06,5,TensorBoard
160,OFF,2.499902620911598e-06,1.2211967259645462e-07,6.708200089633465e-06,4.0512531995773315e-08,1.8129241652786732e-05,5.499995313584804e-06,7.561178424924024e-06,5,TensorBoard
161,OFF,1.6832491382956505e-06,1.548323780298233e-08,7.694237865507603e-06,4.133908078074455e-07,1.1967786122113466e-05,4.354829434305429e-06,5.25858734211013e-06,5,TensorBoard
162,OFF,9.118812158703804e-07,1.6356352716684341e-07,7.976428605616093e-06,1.5191035345196724e-06,6.422342266887426e-06,3.398663830012083e-06,3.5454643657158673e-06,5,TensorBoard
163,OFF,3.621680662035942e-07,5.343463271856308e-08,5.559413693845272e-06,1.0395888239145279e-06,4.1691819205880165e-06,2.2367574274539946e-06,2.4742931036398388e-06,5,TensorBoard
164,OFF,1.8227146938443184e-06,2.7997884899377823e-07,1.6158446669578552e-06,3.114109858870506e-08,2.618413418531418e-06,1.2736185453832149e-06,1.0906613362339413e-06,5,TensorBoard
165,OFF,3.0846567824482918e-06,7.700873538851738e-07,1.3287062756717205e-06,1.0244548320770264e-08,2.7507776394486427e-06,1.5888945199549198e-06,1.3055224969216922e-06,5,TensorBoard
166,OFF,1.933891326189041e-06,1.766253262758255e-06,7.266644388437271e-07,2.0652078092098236e-07,3.728142473846674e-06,1.6722944565117359e-06,1.3552196176492815e-06,5,TensorBoard
167,OFF,4.1318126022815704e-06,1.3230601325631142e-06,5.101319402456284e-07,1.1158408597111702e-06,2.1206215023994446e-06,1.8402934074401855e-06,1.4045760342991667e-06,5,TensorBoard
168,OFF,2.7838395908474922e-06,9.332434274256229e-07,5.029141902923584e-07,2.540240529924631e-06,3.0493829399347305e-06,1.961924135684967e-06,1.159682665486684e-06,5,TensorBoard
169,OFF,1.7264392226934433e-06,1.3132230378687382e-06,3.7800054997205734e-07,3.050197847187519e-06,9.164796210825443e-06,3.1265313737094403e-06,3.509602395272978e-06,5,TensorBoard
170,OFF,4.3416512198746204e-06,1.5925616025924683e-06,2.6531051844358444e-07,4.69753285869956e-06,3.3460091799497604e-06,2.848613075911999e-06,1.8805708942947026e-06,5,TensorBoard
171,OFF,5.079782567918301e-06,1.6693375073373318e-06,3.23285348713398e-07,1.8188729882240295e-06,3.7417630665004253e-06,2.5266082957386972e-06,1.8765483247216328e-06,5,TensorBoard
172,OFF,6.224960088729858e-06,2.741115167737007e-06,8.819624781608582e-07,1.712469384074211e-07,4.6917120926082134e-06,2.9421993531286716e-06,2.5397096777017328e-06,5,TensorBoard
173,OFF,6.616581231355667e-06,2.2033345885574818e-06,5.89294359087944e-07,4.3766340240836143e-07,3.6671990528702736e-06,2.7028145268559456e-06,2.554161538361335e-06,5,TensorBoard
174,OFF,3.5242410376667976e-06,5.210749804973602e-07,4.9942173063755035e-08,2.3593311198055744e-06,2.9060174711048603e-06,1.8721213564276695e-06,1.5150476277012077e-06,5,TensorBoard
175,OFF,3.4943222999572754e-06,6.092013791203499e-07,2.166489139199257e-07,2.8884969651699066e-06,3.917724825441837e-06,2.225278876721859e-06,1.7000737879545158e-06,5,TensorBoard
176,OFF,2.36614141613245e-06,3.97383701056242e-07,3.7334393709897995e-07,3.6105047911405563e-06,1.9067083485424519e-06,1.730816438794136e-06,1.3773687370872513e-06,5,TensorBoard
177,OFF,2.7834903448820114e-07,2.0739389583468437e-07,7.546041160821915e-07,3.493158146739006e-06,1.2433156371116638e-07,9.7156735137105e-07,1.4307178591227685e-06,5,TensorBoard
178,OFF,2.9336661100387573e-07,6.383052095770836e-07,1.2408709153532982e-06,3.5828561522066593e-06,8.095521479845047e-07,1.3129902072250843e-06,1.3139420272562886e-06,5,TensorBoard
179,OFF,2.3604370653629303e-06,4.05358150601387e-07,1.348205842077732e-06,4.361267201602459e-06,1.2650561984628439e-05,4.22516604885459e-06,4.93332714278971e-06,5,TensorBoard
180,OFF,3.3045653253793716e-06,5.227047950029373e-08,8.78702849149704e-07,5.07355434820056e-06,5.9820013120770454e-06,3.058218862861395e-06,2.5718078877445703e-06,5,TensorBoard
181,OFF,2.5060726329684258e-06,1.7182901501655579e-07,1.257285475730896e-06,2.6134075596928596e-06,1.8707942217588425e-07,1.3471348211169242e-06,1.1918188486019526e-06,5,TensorBoard
182,OFF,2.2081658244132996e-06,3.7159770727157593e-07,4.820758476853371e-07,1.0936055332422256e-06,2.7649453841149807e-05,6.360979750752449e-06,1.1922923635961487e-05,5,TensorBoard
183,OFF,2.700602635741234e-06,1.989537850022316e-06,5.23286871612072e-07,2.9837246984243393e-07,1.9563711248338223e-05,5.015102215111256e-06,8.19446333511066e-06,5,TensorBoard
184,OFF,2.818414941430092e-07,5.805515684187412e-06,8.975621312856674e-07,1.8684659153223038e-06,1.2526172213256359e-05,4.275911487638951e-06,5.0884212853533486e-06,5,TensorBoard
185,OFF,1.578591763973236e-07,4.6610948629677296e-06,9.028008207678795e-07,2.3628235794603825e-06,1.0389485396444798e-05,3.6948127672076226e-06,4.118006474925932e-06,5,TensorBoard
186,OFF,8.748611435294151e-07,3.6329729482531548e-06,8.40227585285902e-07,3.1727831810712814e-06,5.989696364849806e-05,1.3683561701327562e-05,2.5865920436510983e-05,5,TensorBoard
187,OFF,4.802132025361061e-07,1.1933734640479088e-06,2.784654498100281e-07,7.26780854165554e-07,8.519197581335902e-05,1.7574161756783723e-05,3.7801049701288894e-05,5,TensorBoard
188,OFF,3.5227276384830475e-07,1.9608414731919765e-06,3.3574178814888e-07,6.712507456541061e-07,7.744372123852372e-05,1.61527656018734e-05,3.4269166432158216e-05,5,TensorBoard
189,OFF,1.307344064116478e-07,2.696760930120945e-06,1.1466909199953079e-07,3.912718966603279e-07,6.346945883706212e-05,1.3360579032450914e-05,2.8032582374598983e-05,5,TensorBoard
190,OFF,1.5972182154655457e-07,1.591397449374199e-06,4.92902472615242e-07,2.9295915737748146e-07,3.346661105751991e-05,7.200718391686678e-06,1.4693954230490465e-05,5,TensorBoard
191,OFF,2.995366230607033e-07,1.134234480559826e-06,5.789333954453468e-07,5.995389074087143e-08,1.8169230315834284e-05,4.048377741128207e-06,7.90394026714433e-06,5,TensorBoard
192,OFF,1.7497222870588303e-07,1.191161572933197e-06,1.9639264792203903e-07,2.1886080503463745e-06,6.243819370865822e-06,1.998990774154663e-06,2.514135845776425e-06,5,TensorBoard
193,OFF,3.105960786342621e-07,1.5952391549944878e-06,4.586763679981232e-08,4.207075107842684e-06,4.289555363357067e-06,2.0896666683256624e-06,2.0560638353766305e-06,5,TensorBoard
194,OFF,3.19676473736763e-07,1.9078142940998077e-06,3.213062882423401e-08,3.2284297049045563e-06,1.1478550732135773e-07,1.1205673217773438e-06,1.4053966757614962e-06,5,TensorBoard
195,OFF,4.669651389122009e-06,2.834363840520382e-06,2.6891939342021942e-08,4.74671833217144e-06,1.6326084733009338e-06,2.7820467948913573e-06,2.0210027931710156e-06,5,TensorBoard
196,OFF,1.0115792974829674e-05,2.169748768210411e-06,1.3504177331924438e-08,2.977438271045685e-06,1.4161108992993832e-05,5.887518636882305e-06,5.981743635026607e-06,5,TensorBoard
197,OFF,1.195643562823534e-05,1.7415732145309448e-06,1.537846401333809e-07,2.2391323000192642e-06,2.5592511519789696e-05,8.336687460541726e-06,1.0706325819148202e-05,5,TensorBoard
198,OFF,1.5545054338872433e-05,9.061768651008606e-07,2.976739779114723e-07,2.555781975388527e-06,1.109793083742261e-05,6.080523598939181e-06,6.844536779397884e-06,5,TensorBoard
199,OFF,7.110298611223698e-06,2.1420419216156006e-08,6.493646651506424e-07,1.1644442565739155e-06,5.804933607578278e-06,2.9500923119485377e-06,3.260231625722536e-06,5,TensorBoard
200,OFF,2.5368062779307365e-06,2.87545844912529e-08,9.596114978194237e-07,2.0372681319713593e-08,2.800486981868744e-06,1.269206404685974e-06,1.3365800610051646e-06,5,TensorBoard
1,REAL,2.6900088414549828e-06,8.25151801109314e-07,1.1809170246124268e-06,6.993068382143974e-07,8.175848051905632e-07,1.2425938621163367e-06,8.289851503201564e-07,5,TensorBoard
2,REAL,5.103065632283688e-07,1.1883676052093506e-06,1.1773081496357918e-06,2.639135345816612e-07,3.8801226764917374e-07,7.055816240608692e-07,4.4431451847300095e-07,5,TensorBoard
3,REAL,5.780020728707314e-07,1.1582160368561745e-06,9.34116542339325e-07,2.5460030883550644e-07,5.657784640789032e-08,5.963025614619255e-07,4.577835582670822e-07,5,TensorBoard
4,REAL,5.529727786779404e-07,9.491341188549995e-07,1.0423827916383743e-06,1.5238765627145767e-07,6.530899554491043e-08,5.524372681975364e-07,4.4574346323094807e-07,5,TensorBoard
5,REAL,8.150236681103706e-07,7.916241884231567e-08,1.0853400453925133e-06,1.4225952327251434e-07,6.612390279769897e-08,4.375819116830826e-07,4.78464674137885e-07,5,TensorBoard
6,REAL,5.561159923672676e-07,1.618172973394394e-08,6.237532943487167e-07,7.28759914636612e-08,2.0884908735752106e-07,2.9555521905422213e-07,2.7872900433289374e-07,5,TensorBoard
7,REAL,2.8370413929224014e-07,1.5937257558107376e-07,1.1408701539039612e-07,1.337612047791481e-07,1.6787089407444e-07,1.7175916582345964e-07,6.608733868724759e-08,5,TensorBoard
8,REAL,3.394670784473419e-07,5.436595529317856e-08,6.44708052277565e-07,1.536100171506405e-07,3.364402800798416e-07,3.057182766497135e-07,2.2545055065186338e-07,5,TensorBoard
9,REAL,6.830086931586266e-07,5.681067705154419e-08,7.827766239643097e-07,1.076841726899147e-07,1.7427373677492142e-07,3.609107807278633e-07,3.4393016338048153e-07,5,TensorBoard
10,REAL,1.0724179446697235e-06,1.1362135410308838e-07,8.202623575925827e-07,9.755603969097137e-08,1.7997808754444122e-07,4.5676715672016143e-07,4.5676813347321903e-07,5,TensorBoard
11,REAL,9.051291272044182e-07,5.029141902923584e-08,5.431938916444778e-07,1.4028046280145645e-07,1.4505349099636078e-07,3.5678967833518984e-07,3.6092669557787623e-07,5,TensorBoard
12,REAL,1.1177035048604012e-06,4.7497451305389404e-08,4.4319313019514084e-07,1.25030055642128e-07,9.452924132347107e-08,3.655906766653061e-07,4.4839236759393624e-07,5,TensorBoard
13,REAL,1.0081566870212555e-06,7.043126970529556e-08,3.1956005841493607e-07,9.73232090473175e-08,6.612390279769897e-08,3.1231902539730074e-07,4.0298492828113305e-07,5,TensorBoard
14,REAL,7.400522008538246e-07,2.380693331360817e-07,1.8533319234848022e-07,1.1292286217212677e-08,8.346978574991226e-08,2.516433596611023e-07,2.868690808138968e-07,5,TensorBoard
15,REAL,5.025067366659641e-07,1.8486753106117249e-07,1.437729224562645e-07,1.979060471057892e-08,7.962808012962341e-08,1.861131750047207e-07,1.8768418106968712e-07,5,TensorBoard
16,REAL,5.319598130881786e-07,1.6391277313232422e-07,1.58033799380064e-07,9.546056389808655e-09,1.8079299479722977e-07,2.0884908735752106e-07,1.9333316411911738e-07,5,TensorBoard
17,REAL,3.505847416818142e-07,1.5972182154655457e-07,1.7229467630386353e-07,1.8742866814136505e-08,9.371433407068253e-08,1.5901168808341027e-07,1.2330476835057117e-07,5,TensorBoard
18,REAL,4.327157512307167e-07,1.260777935385704e-07,1.6111880540847778e-07,2.8638169169425964e-08,2.8405338525772095e-07,2.0652078092098236e-07,1.5600489294542877e-07,5,TensorBoard
19,REAL,8.90286173671484e-07,1.2386590242385864e-07,2.3224856704473495e-07,3.434251993894577e-08,1.6530975699424744e-07,2.892105840146542e-07,3.4357842795022387e-07,5,TensorBoard
20,REAL,1.2268428690731525e-06,2.4493783712387085e-07,1.210719347000122e-07,3.888271749019623e-08,3.016320988535881e-07,3.86673491448164e-07,4.808087526910374e-07,5,TensorBoard
21,REAL,9.272480383515358e-07,3.675231710076332e-07,1.651933416724205e-07,2.0023435354232788e-08,1.6833655536174774e-07,3.2966490834951403e-07,3.561932133113132e-07,5,TensorBoard
22,REAL,1.9533326849341393e-06,4.3818727135658264e-07,4.356261342763901e-07,5.343463271856308e-08,3.3690594136714935e-07,6.434973329305649e-07,7.488664062324525e-07,5,TensorBoard
23,REAL,1.7243437469005585e-06,3.6705750972032547e-07,2.9837246984243393e-07,1.384178176522255e-07,2.1792948246002197e-07,5.492242053151131e-07,6.624830784114091e-07,5,TensorBoard
24,REAL,2.5832559913396835e-06,3.9080623537302017e-07,2.0849984139204025e-07,2.139713615179062e-07,3.641471266746521e-07,7.521361112594605e-07,1.0270414351879898e-06,5,TensorBoard
25,REAL,1.1096126399934292e-06,3.427267074584961e-07,1.8312130123376846e-07,2.5157351046800613e-07,2.7462374418973923e-07,4.323315806686878e-07,3.828804224652373e-07,5,TensorBoard
26,REAL,4.933681339025497e-07,2.5262124836444855e-07,1.4435499906539917e-07,3.110617399215698e-07,1.0427320376038551e-06,4.488276317715645e-07,3.552767475894794e-07,5,TensorBoard
27,REAL,5.767797119915485e-07,6.402842700481415e-08,2.1583400666713715e-07,5.934853106737137e-07,1.7099082469940186e-06,6.320071406662464e-07,6.446325875880313e-07,5,TensorBoard
28,REAL,8.273054845631123e-07,8.544884622097015e-08,1.5366822481155396e-07,1.4489050954580307e-06,5.476875230669975e-06,1.5984405763447285e-06,2.238067061152862e-06,5,TensorBoard
29,REAL,1.973356120288372e-06,9.220093488693237e-08,3.123423084616661e-07,1.0229414328932762e-06,5.663139745593071e-06,1.8127961084246635e-06,2.2741265030323423e-06,5,TensorBoard
30,REAL,3.048568032681942e-06,9.16188582777977e-08,2.5203917175531387e-07,1.0423827916383743e-06,1.351512037217617e-05,3.58994584530592e-06,5.6716877890701656e-06,5,TensorBoard
31,REAL,2.4065375328063965e-06,6.868503987789154e-08,2.73226760327816e-07,1.0562362149357796e-06,1.3360753655433655e-05,3.4330878406763077e-06,5.6250712432820845e-06,5,TensorBoard
32,REAL,3.0079390853643417e-06,6.891787052154541e-08,5.203764885663986e-08,1.3774260878562927e-06,2.4661305360496044e-05,5.833525210618973e-06,1.0594601902944968e-05,5,TensorBoard
33,REAL,1.9730068743228912e-06,7.916241884231567e-08,2.8545036911964417e-07,1.008855178952217e-06,2.489995677024126e-05,5.649286322295666e-06,1.0786959266905465e-05,5,TensorBoard
34,REAL,2.366607077419758e-06,4.272442311048508e-08,8.392380550503731e-07,1.2961681932210922e-06,3.040092997252941e-05,6.9891335442662236e-06,1.311453041124697e-05,5,TensorBoard
35,REAL,1.611595507711172e-06,1.9907020032405853e-08,1.3436656445264816e-06,1.175969373434782e-06,2.3180386051535606e-05,5.466304719448089e-06,9.921111817361789e-06,5,TensorBoard
36,REAL,2.3185857571661472e-06,1.4313263818621635e-07,1.8513528630137444e-06,1.5172408893704414e-06,4.690978676080704e-05,1.0548019781708718e-05,2.0342998436642827e-05,5,TensorBoard
37,REAL,1.8529826775193214e-06,1.459266059100628e-07,1.8149148672819138e-07,1.698499545454979e-06,3.118987660855055e-05,7.01375538483262e-06,1.3538992384114395e-05,5,TensorBoard
38,REAL,2.116663381457329e-06,4.1548628360033035e-07,1.330627128481865e-07,1.3757962733507156e-06,5.434802733361721e-05,1.1677807196974755e-05,2.386637584657862e-05,5,TensorBoard
39,REAL,3.6202254705131054e-06,2.627493813633919e-07,8.638016879558563e-08,1.3873213902115822e-06,2.6099267415702343e-05,6.291188765317202e-06,1.1162254152949279e-05,5,TensorBoard
40,REAL,4.9229711294174194e-06,3.2136449590325356e-07,2.9685907065868378e-08,2.961023710668087e-06,4.9656431656330824e-05,1.157829537987709e-05,2.1380973129572233e-05,5,TensorBoard
41,REAL,3.4463009797036648e-06,2.1443702280521393e-07,3.2188836485147476e-08,2.3634638637304306e-06,3.6013778299093246e-05,8.41403380036354e-06,1.5496147703895225e-05,5,TensorBoard
42,REAL,3.639375790953636e-06,1.5436671674251556e-07,5.762558430433273e-08,1.6945414245128632e-06,2.6279594749212265e-05,6.365100853145123e-06,1.1227068099103777e-05,5,TensorBoard
43,REAL,1.5997211448848248e-06,1.391163095831871e-07,8.89413058757782e-08,6.25033862888813e-07,1.697277184575796e-05,3.885116893798113e-06,7.341344507486502e-06,5,TensorBoard
44,REAL,1.0443618521094322e-06,1.3381941244006157e-07,1.0522780939936638e-06,1.2386590242385864e-06,4.562060348689556e-05,9.817944373935461e-06,2.0018925224264703e-05,5,TensorBoard
45,REAL,5.141017027199268e-06,3.2567186281085014e-07,2.5812769308686256e-06,1.3916287571191788e-06,5.4562813602387905e-05,1.2800481636077166e-05,2.3414603974116444e-05,5,TensorBoard
46,REAL,1.3991491869091988e-05,4.377216100692749e-07,1.3854587450623512e-06,1.8784776329994202e-06,4.398892633616924e-05,1.2336415238678455e-05,1.8543809981946615e-05,5,TensorBoard
47,REAL,6.608606781810522e-06,2.0797597244381905e-06,2.0524021238088608e-07,2.6273191906511784e-06,1.9236234948039055e-05,6.1514321714639665e-06,7.677502197295015e-06,5,TensorBoard
48,REAL,1.0809919331222773e-05,3.3832620829343796e-06,1.4147954061627388e-06,3.46737215295434e-06,1.3645854778587818e-05,6.54424075037241e-06,5.347874615253275e-06,5,TensorBoard
49,REAL,8.271075785160065e-06,3.1531089916825294e-06,1.514446921646595e-06,4.398287273943424e-06,1.492188312113285e-05,6.4517604187130925e-06,5.3508832158413964e-06,5,TensorBoard
50,REAL,1.3695214875042439e-05,3.3318065106868744e-06,1.93773303180933e-06,5.045905709266663e-06,2.0298524759709835e-05,8.861836977303029e-06,7.862015536532137e-06,5,TensorBoard
51,REAL,1.8935767002403736e-05,2.265616785734892e-06,3.607594408094883e-06,4.717556294053793e-06,1.1622905731201172e-05,8.229888044297695e-06,6.989331472287392e-06,5,TensorBoard
52,REAL,2.95878853648901e-05,2.9694638215005398e-06,2.877204678952694e-06,5.177571438252926e-06,3.5582343116402626e-06,8.834071923047305e-06,1.1638332421620252e-05,5,TensorBoard
53,REAL,1.6297388356179e-05,1.8294667825102806e-06,1.6024569049477577e-06,5.9140147641301155e-06,3.1563686206936836e-06,5.759939085692167e-06,6.135418205352208e-06,5,TensorBoard
54,REAL,8.884700946509838e-06,2.5624758563935757e-06,9.682262316346169e-07,4.213419742882252e-06,2.35019251704216e-06,3.7958030588924886e-06,3.069094408230269e-06,5,TensorBoard
55,REAL,5.64532820135355e-06,1.8485006876289845e-06,1.3193348422646523e-06,4.477566108107567e-06,2.5922199711203575e-06,3.1765899620950223e-06,1.8263292018356473e-06,5,TensorBoard
56,REAL,2.8329668566584587e-06,2.234999556094408e-06,1.329521182924509e-06,7.145223207771778e-06,7.560418453067541e-06,4.220625851303339e-06,2.9126568538632784e-06,5,TensorBoard
57,REAL,5.005858838558197e-07,7.46571458876133e-07,1.0774238035082817e-06,9.967130608856678e-06,1.0492396540939808e-05,4.556821659207344e-06,5.18603308897846e-06,5,TensorBoard
58,REAL,1.4294637367129326e-06,6.154878064990044e-07,3.7532299757003784e-07,8.591567166149616e-06,3.4333206713199615e-06,2.8890324756503103e-06,3.4070967532047536e-06,5,TensorBoard
59,REAL,3.7467689253389835e-06,7.642665877938271e-07,1.5791738405823708e-06,7.281079888343811e-06,2.1047890186309814e-07,2.716353628784418e-06,2.8845151820282717e-06,5,TensorBoard
60,REAL,4.952657036483288e-06,1.7225975170731544e-06,4.487228579819202e-06,5.436595529317856e-06,8.622882887721062e-07,3.4922733902931215e-06,2.0586172017889605e-06,5,TensorBoard
61,REAL,6.178044714033604e-06,1.8123537302017212e-06,4.023779183626175e-06,6.720889359712601e-06,3.5227276384830475e-06,4.4515589252114294e-06,2.0088392747953158e-06,5,TensorBoard
62,REAL,8.00995621830225e-06,2.657761797308922e-06,2.3581087589263916e-06,3.9887381717562675e-06,2.0494917407631874e-06,3.8128113374114036e-06,2.4600086602538806e-06,5,TensorBoard
63,REAL,3.0760420486330986e-06,1.009204424917698e-06,9.466893970966339e-07,4.344736225903034e-06,2.580694854259491e-06,2.391473390161991e-06,1.4420248779943674e-06,5,TensorBoard
64,REAL,1.3702083379030228e-07,1.2827804312109947e-06,3.4691765904426575e-07,2.639251761138439e-06,7.342314347624779e-06,2.3496570065617563e-06,2.960381808201962e-06,5,TensorBoard
65,REAL,4.906905815005302e-07,9.806244634091854e-07,6.069894880056381e-07,5.328794941306114e-06,3.308989107608795e-06,2.1432177163660525e-06,2.118336102085545e-06,5,TensorBoard
66,REAL,4.523899406194687e-07,1.2505333870649338e-06,3.962777554988861e-07,6.07792753726244e-06,3.5924604162573814e-06,2.353917807340622e-06,2.4529500729761007e-06,5,TensorBoard
67,REAL,1.1563533917069435e-06,1.6499543562531471e-06,6.074551492929459e-07,6.388057954609394e-06,3.166613169014454e-06,2.5936868041753767e-06,2.3252511426451405e-06,5,TensorBoard
68,REAL,2.003973349928856e-06,2.9711518436670303e-06,6.707850843667984e-07,3.2508978620171547e-06,1.037726178765297e-06,1.9869068637490274e-06,1.1401560419584682e-06,5,TensorBoard
69,REAL,2.878601662814617e-06,1.5882542356848717e-06,8.819042704999447e-07,1.0691583156585693e-06,1.912354491651058e-06,1.6660545952618121e-06,7.918591772485333e-07,5,TensorBoard
70,REAL,6.1282189562916756e-06,1.0199728421866894e-06,2.2496096789836884e-06,1.0640360414981842e-07,4.313420504331589e-06,2.763525117188692e-06,2.4539620356847666e-06,5,TensorBoard
71,REAL,2.8458889573812485e-06,1.6436679288744926e-06,1.0276446118950844e-05,8.639181032776833e-07,2.268236130475998e-06,3.579631447792053e-06,3.815380589682812e-06,5,TensorBoard
72,REAL,7.534399628639221e-07,5.997251719236374e-06,3.582565113902092e-06,1.2492528185248375e-06,1.8310965970158577e-06,2.682721242308617e-06,2.1388112229342617e-06,5,TensorBoard
73,REAL,4.792818799614906e-07,3.2873358577489853e-06,1.3206154108047485e-06,1.27498060464859e-06,3.7696445360779762e-06,2.0263716578483583e-06,1.4217241484649703e-06,5,TensorBoard
74,REAL,2.9650982469320297e-07,1.9493745639920235e-06,2.9979273676872253e-06,1.3656681403517723e-06,8.081842679530382e-06,2.9382645152509212e-06,3.0368481410478768e-06,5,TensorBoard
75,REAL,8.475035429000854e-08,1.3121170923113823e-06,4.601781256496906e-06,1.7497222870588303e-06,6.826419848948717e-06,2.914958167821169e-06,2.742346397446395e-06,5,TensorBoard
76,REAL,1.1137453839182854e-06,7.055583409965038e-06,7.035443559288979e-06,2.307468093931675e-06,5.208887159824371e-06,4.5442255213856695e-06,2.7260841244056242e-06,5,TensorBoard
77,REAL,5.058245733380318e-07,3.614055458456278e-06,1.0767951607704163e-05,3.314693458378315e-06,7.7391741797328e-06,5.188339855521917e-06,4.048261806223808e-06,5,TensorBoard
78,REAL,5.021574907004833e-07,3.4216209314763546e-06,3.827386535704136e-06,2.57312785834074e-06,2.535758540034294e-06,2.572010271251202e-06,1.2829082010700035e-06,5,TensorBoard
79,REAL,1.385807991027832e-06,1.9372673705220222e-06,4.444969817996025e-06,2.1479791030287743e-06,4.948815330862999e-07,2.0821811631321906e-06,1.4673577711406184e-06,5,TensorBoard
80,REAL,7.565249688923359e-07,1.5291152521967888e-06,3.846944309771061e-06,1.7456477507948875e-06,1.2635719031095505e-06,1.8283608369529247e-06,1.1873170679314652e-06,5,TensorBoard
81,REAL,3.805616870522499e-07,1.007108949124813e-06,1.5683472156524658e-06,3.6084093153476715e-06,2.8334325179457664e-06,1.8795719370245933e-06,1.3232358926597904e-06,5,TensorBoard
82,REAL,2.148444764316082e-06,1.592270564287901e-06,7.060589268803596e-07,4.86825592815876e-06,1.8147402442991734e-06,2.225954085588455e-06,1.5707084105615048e-06,5,TensorBoard
83,REAL,1.3123499229550362e-06,1.3178796507418156e-06,6.133457645773888e-06,2.3934990167617798e-06,8.587958291172981e-07,2.4031964130699634e-06,2.1603225804847295e-06,5,TensorBoard
84,REAL,1.0561197996139526e-06,1.5245750546455383e-06,3.56859527528286e-06,1.2165401130914688e-06,6.637419573962688e-07,1.6059144400060178e-06,1.1402091537109363e-06,5,TensorBoard
85,REAL,6.957561708986759e-07,8.778879418969154e-07,1.5811529010534286e-06,1.9939616322517395e-06,4.901085048913956e-07,1.127773430198431e-06,6.34730882447925e-07,5,TensorBoard
86,REAL,4.159519448876381e-07,1.0727671906352043e-06,1.654669176787138e-06,9.943847544491291e-06,2.1532177925109863e-06,3.0480907298624517e-06,3.90909007676572e-06,5,TensorBoard
87,REAL,1.752050593495369e-07,3.839435521513224e-06,2.2149179130792618e-06,9.928247891366482e-06,7.989583536982536e-07,3.3913529478013515e-06,3.9172659425587005e-06,5,TensorBoard
88,REAL,1.0093208402395248e-07,5.99701888859272e-06,2.3490283638238907e-05,2.6797642931342125e-06,1.0838266462087631e-07,6.475276313722133e-06,9.814717456632801e-06,5,TensorBoard
89,REAL,2.6659108698368073e-08,4.459172487258911e-06,1.7170910723507404e-05,1.6195699572563171e-06,1.0913936421275139e-07,4.677090328186751e-06,7.2108278583502935e-06,5,TensorBoard
90,REAL,3.7334393709897995e-07,3.2621901482343674e-06,1.7402227967977524e-05,1.005479134619236e-06,5.35743311047554e-07,4.515796899795532e-06,7.29648390480883e-06,5,TensorBoard
91,REAL,8.611241355538368e-07,5.090143531560898e-06,6.032641977071762e-06,4.156026989221573e-07,2.212938852608204e-06,2.9224902391433716e-06,2.520364217307976e-06,5,TensorBoard
92,REAL,5.755573511123657e-07,1.0116957128047943e-05,2.746586687862873e-06,9.688141290098429e-06,8.979113772511482e-07,4.805030766874552e-06,4.728967894117516e-06,5,TensorBoard
93,REAL,3.043096512556076e-07,7.822993211448193e-06,1.1043855920433998e-05,3.806292079389095e-05,3.4633558243513107e-07,1.1516083031892776e-05,1.5564893401915336e-05,5,TensorBoard
94,REAL,1.3507669791579247e-06,9.808107279241085e-06,1.7987447790801525e-05,2.505473094061017e-05,2.2617168724536896e-06,1.129255397245288e-05,1.0208058672852541e-05,5,TensorBoard
95,REAL,1.4354009181261063e-06,9.139592293649912e-06,2.1155166905373335e-05,2.240017056465149e-05,1.091277226805687e-06,1.1044321581721306e-05,1.0322389999328571e-05,5,TensorBoard
96,REAL,1.3059470802545547e-06,1.1229421943426132e-05,2.2410647943615913e-05,1.515133772045374e-05,1.461012288928032e-07,1.004869118332863e-05,9.417350529891856e-06,5,TensorBoard
97,REAL,8.697970770299435e-07,7.226481102406979e-06,2.0494451746344566e-05,8.457689546048641e-06,6.653135642409325e-07,7.542746607214212e-06,8.07017891924951e-06,5,TensorBoard
98,REAL,5.034962669014931e-07,4.901899956166744e-06,1.78641639649868e-05,1.2495554983615875e-05,2.5552581064403057e-06,7.664074655622243e-06,7.286777795145886e-06,5,TensorBoard
99,REAL,1.9441358745098114e-07,3.177439793944359e-06,1.687306212261319e-05,6.205867975950241e-06,1.1294614523649216e-06,5.516048986464739e-06,6.7544178891041445e-06,5,TensorBoard
100,REAL,1.4633405953645706e-07,3.9978185668587685e-06,1.6686739400029182e-05,9.972718544304371e-06,9.962823241949081e-07,6.359978578984738e-06,6.9399620813567724e-06,5,TensorBoard
101,REAL,5.190959200263023e-07,4.561035893857479e-06,1.3099517673254013e-05,1.952587626874447e-05,3.4866388887166977e-07,7.610837928950786e-06,8.432482032845971e-06,5,TensorBoard
102,REAL,1.133012119680643e-06,1.8827267922461033e-05,1.296953996643424e-05,1.786567736417055e-05,5.741603672504425e-07,1.0273931547999381e-05,8.884008686559811e-06,5,TensorBoard
103,REAL,7.757917046546936e-07,2.116081304848194e-05,6.298068910837173e-07,1.295760739594698e-05,3.190943971276283e-07,7.168622687458992e-06,9.48464776425422e-06,5,TensorBoard
104,REAL,3.030290827155113e-07,1.3788812793791294e-05,7.910421118140221e-07,3.922148607671261e-06,3.5855919122695923e-07,3.83271835744381e-06,5.764375440294771e-06,5,TensorBoard
105,REAL,1.3659009709954262e-06,5.532754585146904e-06,9.473878890275955e-07,2.8309295885264874e-06,8.264323696494102e-07,2.3006810806691647e-06,1.9752270879800386e-06,5,TensorBoard
106,REAL,1.3420358300209045e-06,4.731118679046631e-06,1.105363480746746e-06,1.7867423593997955e-06,5.689216777682304e-07,1.9068364053964615e-06,1.6387775396949148e-06,5,TensorBoard
107,REAL,1.235748641192913e-06,4.866160452365875e-08,2.891058102250099e-06,1.1293450370430946e-06,2.873479388654232e-06,1.6356585547327996e-06,1.2291327306186777e-06,5,TensorBoard
108,REAL,4.273140802979469e-06,2.232030965387821e-06,4.759524017572403e-06,1.000124029815197e-06,1.6452395357191563e-06,2.7820118702948093e-06,1.6510507562600641e-06,5,TensorBoard
109,REAL,2.5564804673194885e-06,1.017178874462843e-06,1.9293162040412426e-05,1.521548256278038e-07,8.150236681103706e-07,4.766799975186586e-06,8.168106442337145e-06,5,TensorBoard
110,REAL,2.6169000193476677e-06,2.3958273231983185e-07,6.515689892694354e-05,1.955777406692505e-08,1.3253884389996529e-06,1.3871665578335523e-05,2.86878395439936e-05,5,TensorBoard
111,REAL,9.199720807373524e-06,1.314328983426094e-07,3.505114000290632e-05,6.210757419466972e-07,1.5399418771266937e-06,9.30866226553917e-06,1.4855434554705284e-05,5,TensorBoard
112,REAL,8.620729204267263e-06,6.610061973333359e-07,1.8705148249864578e-05,1.4676479622721672e-06,1.8209684640169144e-06,6.255100015550852e-06,7.65628839453256e-06,5,TensorBoard
113,REAL,1.1412776075303555e-05,1.7174752429127693e-06,7.180962711572647e-06,2.766028046607971e-06,4.341825842857361e-06,5.4838135838508604e-06,3.902201625756482e-06,5,TensorBoard
114,REAL,6.5583735704422e-06,7.915543392300606e-06,3.3921096473932266e-06,5.497713573276997e-06,7.08230072632432e-06,6.08920818194747e-06,1.7439936669333702e-06,5,TensorBoard
115,REAL,2.504733856767416e-06,9.98849282041192e-06,1.5270779840648174e-06,6.457034032791853e-06,3.930937964469194e-06,4.88165533170104e-06,3.4047178877105365e-06,5,TensorBoard
116,REAL,2.0852312445640564e-06,7.122871465981007e-06,3.9546284824609756e-07,3.55718657374382e-06,4.281173460185528e-07,2.7177738957107067e-06,2.7903971119666825e-06,5,TensorBoard
117,REAL,2.504093572497368e-06,3.3302931115031242e-06,3.9907172322273254e-07,2.2134045138955116e-06,7.378403097391129e-07,1.83694064617157e-06,1.2341402114069704e-06,5,TensorBoard
118,REAL,2.9907096177339554e-06,1.7373822629451752e-06,2.712476998567581e-07,4.721921868622303e-06,5.823094397783279e-07,2.060714177787304e-06,1.8329847424515657e-06,5,TensorBoard
119,REAL,4.820816684514284e-06,1.6015255823731422e-06,1.3891258276998997e-06,6.466987542808056e-06,2.4191103875637054e-07,2.9040733352303504e-06,2.619497442707139e-06,5,TensorBoard
120,REAL,4.8013171181082726e-06,1.7641577869653702e-06,5.133915692567825e-08,6.882473826408386e-06,6.327172741293907e-07,2.8264010325074194e-06,2.915201434393818e-06,5,TensorBoard
121,REAL,3.0314549803733826e-07,3.470340743660927e-06,2.949964255094528e-07,4.1853636503219604e-06,9.604264050722122e-07,1.8428545445203781e-06,1.8494126341122457e-06,5,TensorBoard
122,REAL,1.2772507034242153e-06,5.787587724626064e-06,1.071486622095108e-06,4.19525895267725e-06,3.2191164791584015e-06,3.110140096396208e-06,1.9920891107904457e-06,5,TensorBoard
123,REAL,5.655456334352493e-07,3.76685056835413e-06,2.141983713954687e-06,6.12577423453331e-06,4.955625627189875e-06,3.51115595549345e-06,2.2101670699860115e-06,5,TensorBoard
124,REAL,1.268985215574503e-06,3.0692899599671364e-06,4.909699782729149e-06,6.8445224314928055e-06,3.1398958526551723e-06,3.846478648483753e-06,2.1133776050882815e-06,5,TensorBoard
125,REAL,5.817273631691933e-07,3.066379576921463e-06,2.3259781301021576e-06,6.800401024520397e-06,3.812310751527548e-06,3.317359369248152e-06,2.286157591536096e-06,5,TensorBoard
126,REAL,2.0035076886415482e-07,2.0676525309681892e-06,5.767215043306351e-07,5.02320472151041e-06,2.5177141651511192e-06,2.077128738164902e-06,1.9135756079925023e-06,5,TensorBoard
127,REAL,1.257285475730896e-08,2.2889580577611923e-06,3.371504135429859e-06,3.207125701010227e-06,1.4962861314415932e-06,2.075289376080036e-06,1.3781259629437672e-06,5,TensorBoard
128,REAL,7.362687028944492e-07,8.048955351114273e-07,8.897390216588974e-06,4.865927621722221e-06,3.3446121960878372e-06,3.729818854480982e-06,3.3785884633011697e-06,5,TensorBoard
129,REAL,1.405784860253334e-05,4.12005465477705e-06,4.569767042994499e-06,6.675254553556442e-06,6.036832928657532e-06,7.091951556503773e-06,4.031259706396245e-06,5,TensorBoard
130,REAL,3.337219823151827e-05,6.886024493724108e-06,5.06080687046051e-06,4.191533662378788e-06,8.706585504114628e-06,1.164342975243926e-05,1.2270483057885234e-05,5,TensorBoard
131,REAL,1.6598147340118885e-05,5.571753717958927e-06,1.4674151316285133e-06,1.626787707209587e-06,9.904964827001095e-06,7.0338137447834015e-06,6.365499376980462e-06,5,TensorBoard
132,REAL,1.7093494534492493e-05,3.2109091989696026e-06,1.0951189324259758e-06,3.712077159434557e-06,1.1488329619169235e-05,7.319985888898372e-06,6.7369697559219925e-06,5,TensorBoard
133,REAL,6.876070983707905e-06,2.6082852855324745e-06,3.629131242632866e-06,1.3040844351053238e-06,6.2121544033288956e-06,4.125945270061493e-06,2.3679355231370593e-06,5,TensorBoard
134,REAL,3.962602932006121e-06,6.988411769270897e-07,1.7266720533370972e-06,8.034985512495041e-07,1.4093820936977863e-06,1.7201993614435195e-06,1.3236819821458472e-06,5,TensorBoard
135,REAL,3.061257302761078e-06,1.0419171303510666e-07,4.628673195838928e-07,1.287669874727726e-06,8.649658411741257e-07,1.1561904102563858e-06,1.1531236524270965e-06,5,TensorBoard
136,REAL,1.1472729966044426e-06,1.310836523771286e-07,1.6991980373859406e-06,7.022172212600708e-07,3.6903657019138336e-07,8.097616955637932e-07,6.2678130573502e-07,5,TensorBoard
137,REAL,5.711917765438557e-07,7.241033017635345e-08,7.303082384169102e-06,4.5081833377480507e-07,2.2863969206809998e-07,1.7252285033464432e-06,3.124098347784928e-06,5,TensorBoard
138,REAL,1.1592637747526169e-06,7.136259227991104e-08,1.0257819667458534e-05,5.575362592935562e-06,4.3195905163884163e-07,3.499153535813093e-06,4.376720483940036e-06,5,TensorBoard
139,REAL,1.9472790881991386e-06,7.031485438346863e-08,1.0542920790612698e-05,1.311727100983262e-05,2.7203350327908993e-06,5.679624155163765e-06,5.7689337736631255e-06,5,TensorBoard
140,REAL,3.746594302356243e-06,2.7474015951156616e-08,7.628637831658125e-06,1.223746221512556e-05,1.6108970157802105e-06,5.050213076174259e-06,4.925978302400305e-06,5,TensorBoard
141,REAL,2.4922192096710205e-06,1.4319084584712982e-08,9.900541044771671e-06,1.6323290765285492e-05,1.2969831004738808e-06,6.005470640957355e-06,6.928846821052022e-06,5,TensorBoard
142,REAL,1.6016419976949692e-06,1.2491364032030106e-07,6.80598895996809e-06,1.0522548109292984e-05,2.2917520254850388e-06,4.2693689465522764e-06,4.293627146111478e-06,5,TensorBoard
143,REAL,9.004725143313408e-07,5.332985892891884e-07,1.2989039532840252e-06,9.270966984331608e-06,1.227017492055893e-06,2.646131906658411e-06,3.715802067772864e-06,5,TensorBoard
144,REAL,2.3155007511377335e-07,2.41096131503582e-07,9.900541044771671e-07,5.659298039972782e-06,8.73231329023838e-07,1.5990459360182286e-06,2.2965951778366233e-06,5,TensorBoard
145,REAL,1.022301148623228e-06,2.989545464515686e-07,6.048358045518398e-07,2.0725419744849205e-06,1.8017599359154701e-06,1.1600786820054054e-06,7.604531823595857e-07,5,TensorBoard
146,REAL,4.096305929124355e-06,2.2149179130792618e-06,3.206077963113785e-07,1.662527211010456e-06,1.1380761861801147e-06,1.8864870071411132e-06,1.4189274979763488e-06,5,TensorBoard
147,REAL,2.6221387088298798e-06,3.4383265301585197e-06,1.1039082892239094e-06,3.5500270314514637e-06,9.546056389808655e-09,2.144789323210716e-06,1.542602597381167e-06,5,TensorBoard
148,REAL,3.483553882688284e-06,2.40944791585207e-06,2.109445631504059e-06,1.937092747539282e-06,1.5599653124809265e-08,1.9910279661417007e-06,1.257175170473786e-06,5,TensorBoard
149,REAL,3.7368154153227806e-06,1.8634600564837456e-06,4.556379280984402e-06,2.4097971618175507e-07,3.5390257835388184e-08,2.086604945361614e-06,2.0301839625026146e-06,5,TensorBoard
150,REAL,2.3191096261143684e-06,2.1801097318530083e-06,4.784611519426107e-06,5.48316165804863e-08,4.133908078074455e-07,1.9504106603562834e-06,1.8826208486230628e-06,5,TensorBoard
151,REAL,5.777692422270775e-07,2.7976930141448975e-06,2.091052010655403e-06,3.3742981031537056e-07,1.9725412130355835e-06,1.5552970580756664e-06,1.0539728447218245e-06,5,TensorBoard
152,REAL,1.2462260201573372e-07,1.5853438526391983e-06,1.3726530596613884e-06,1.284177415072918e-06,1.0435469448566437e-06,1.0820687748491764e-06,5.693768607470907e-07,5,TensorBoard
153,REAL,1.1426163837313652e-07,1.9506551325321198e-06,3.835884854197502e-07,2.350541763007641e-06,5.796318873763084e-07,1.0757357813417912e-06,1.0050166220560177e-06,5,TensorBoard
154,REAL,5.061738193035126e-07,2.1343003027141094e-06,2.8568319976329803e-07,3.4148688428103924e-06,1.7426209524273872e-06,1.61672942340374e-06,1.2769153714205198e-06,5,TensorBoard
155,REAL,3.468012437224388e-07,3.535882569849491e-06,4.849862307310104e-07,4.696368705481291e-06,1.7740530893206596e-06,2.1676183678209782e-06,1.9084185031976955e-06,5,TensorBoard
156,REAL,6.088521331548691e-08,9.136681910604239e-06,5.668844096362591e-07,4.355562850832939e-06,1.008971594274044e-06,3.0257971957325937e-06,3.8084028593277646e-06,5,TensorBoard
157,REAL,2.4796463549137115e-07,6.561109330505133e-06,1.955777406692505e-08,3.997120074927807e-06,2.7136411517858505e-07,2.2194231860339642e-06,2.938172714319825e-06,5,TensorBoard
158,REAL,8.148490451276302e-07,3.6598648875951767e-06,3.306195139884949e-08,2.5500194169580936e-06,2.700253389775753e-07,1.4655641280114651e-06,1.572879898340222e-06,5,TensorBoard
159,REAL,1.431384589523077e-06,5.767331458628178e-06,1.4540273696184158e-06,1.4809775166213512e-06,1.2033851817250252e-06,2.2674212232232094e-06,1.9596303778470548e-06,5,TensorBoard
160,REAL,2.8508948162198067e-06,4.350778181105852e-05,3.4401891753077507e-06,1.3224780559539795e-06,2.7029309421777725e-06,1.0764854960143565e-05,1.8320301943852836e-05,5,TensorBoard
161,REAL,3.553694114089012e-06,2.112437505275011e-05,2.657761797308922e-06,4.116911441087723e-06,1.1088559404015541e-06,6.5123196691274645e-06,8.247100171314725e-06,5,TensorBoard
162,REAL,4.353525582700968e-06,1.4697317965328693e-05,2.1792948246002197e-07,3.7851277738809586e-06,4.644971340894699e-08,4.6200701035559176e-06,5.9710958932208475e-06,5,TensorBoard
163,REAL,4.558125510811806e-06,8.728820830583572e-06,2.4668406695127487e-07,1.5614787116646767e-06,3.0384398996829987e-08,3.025098703801632e-06,3.6644475174848496e-06,5,TensorBoard
164,REAL,4.004454240202904e-06,5.372334271669388e-06,7.8580342233181e-08,9.01869498193264e-07,6.356276571750641e-08,2.0841602236032485e-06,2.449622102862259e-06,5,TensorBoard
165,REAL,3.5614939406514168e-06,3.570225089788437e-06,2.3515895009040833e-08,2.7202186174690723e-06,1.5960540622472763e-07,2.0070117898285387e-06,1.7829666898415e-06,5,TensorBoard
166,REAL,3.657652996480465e-06,2.7962960302829742e-06,2.100132405757904e-07,3.7745339795947075e-06,4.522153176367283e-07,2.178142312914133e-06,1.7300208288443878e-06,5,TensorBoard
167,REAL,5.978625267744064e-06,3.229244612157345e-06,4.307366907596588e-08,3.4142285585403442e-06,1.689651980996132e-06,2.8709648177027704e-06,2.2064406712295608e-06,5,TensorBoard
168,REAL,5.914655048400164e-06,2.2890744730830193e-06,2.1676532924175262e-07,2.455548383295536e-06,5.128677003085613e-06,3.200944047421217e-06,2.311537647537082e-06,5,TensorBoard
169,REAL,4.224944859743118e-06,2.150831278413534e-06,1.926789991557598e-06,2.818414941430092e-07,3.3655669540166855e-06,2.3899949155747892e-06,1.5029014434637358e-06,5,TensorBoard
170,REAL,3.1206291168928146e-06,1.3788812793791294e-06,2.989545464515686e-07,3.4598633646965027e-07,2.982094883918762e-06,1.625309232622385e-06,1.3723574080888907e-06,5,TensorBoard
171,REAL,1.8660211935639381e-06,2.6185298338532448e-06,7.561175152659416e-08,2.4156179279088974e-07,5.5042910389602184e-06,2.061203122138977e-06,2.205517575894317e-06,5,TensorBoard
172,REAL,1.6670674085617065e-06,4.462606739252806e-06,4.237517714500427e-08,1.8579885363578796e-07,6.845570169389248e-06,2.6406836695969104e-06,2.9464414661255596e-06,5,TensorBoard
173,REAL,1.7334241420030594e-07,2.4565961211919785e-06,1.069856807589531e-07,9.571085684001446e-07,1.359032467007637e-06,1.0106130503118039e-06,9.66008592338458e-07,5,TensorBoard
174,REAL,4.799803718924522e-07,1.935870386660099e-06,5.031470209360123e-07,3.988388925790787e-07,4.7532375901937485e-07,7.586320862174035e-07,6.592655312837703e-07,5,TensorBoard
175,REAL,7.188646122813225e-08,2.124172169715166e-06,3.0652154237031937e-07,3.7706922739744186e-07,2.0188745111227036e-06,9.797047823667527e-07,1.0037627604154066e-06,5,TensorBoard
176,REAL,1.1021620593965054e-06,1.5990226529538631e-06,3.300374373793602e-07,3.291410394012928e-06,9.876093827188015e-07,1.4620483852922916e-06,1.118189007936075e-06,5,TensorBoard
177,REAL,9.405193850398064e-07,2.0551378838717937e-06,5.920883268117905e-07,5.251204129308462e-06,5.165347829461098e-07,1.8710969015955925e-06,1.9871884621220364e-06,5,TensorBoard
178,REAL,7.542548701167107e-07,2.7114292606711388e-06,2.578715793788433e-06,2.485699951648712e-06,4.5461347326636314e-06,2.615246921777725e-06,1.3434086438673476e-06,5,TensorBoard
179,REAL,2.087675966322422e-06,2.0716688595712185e-06,1.9020168110728264e-05,4.272442311048508e-08,6.889633368700743e-06,6.022374145686627e-06,7.689943422137658e-06,5,TensorBoard
180,REAL,1.3426761142909527e-06,5.281763151288033e-07,1.719349529594183e-05,1.6213743947446346e-06,3.7499121390283108e-06,4.887126851826906e-06,6.981559308429097e-06,5,TensorBoard
181,REAL,1.8213177099823952e-07,4.702014848589897e-07,9.628711268305779e-06,1.1490192264318466e-07,4.4517219066619873e-07,2.1682237274944784e-06,4.173480327484144e-06,5,TensorBoard
182,REAL,1.7706770449876785e-07,3.9942096918821335e-07,1.9640778191387653e-05,5.501788109540939e-07,4.01865690946579e-07,4.233862273395061e-06,8.613757920517116e-06,5,TensorBoard
183,REAL,2.912711352109909e-07,2.491287887096405e-07,3.703066613525152e-05,2.396991476416588e-07,1.4435499906539917e-07,7.5910240411758425e-06,1.6457347922179187e-05,5,TensorBoard
184,REAL,1.592154148966074e-06,2.3748725652694702e-07,3.409001510590315e-05,2.446817234158516e-06,2.7706846594810486e-08,7.678836118429899e-06,1.4797681799271745e-05,5,TensorBoard
185,REAL,1.6872072592377663e-06,2.6263296604156494e-07,2.779858186841011e-05,3.3174874261021614e-06,1.1781230568885803e-07,6.636744365096092e-06,1.1900257581547549e-05,5,TensorBoard
186,REAL,2.656015567481518e-07,4.646717570722103e-07,1.4084449503570795e-05,1.6242265701293945e-06,2.6426278054714203e-07,3.340642433613539e-06,6.032550647723629e-06,5,TensorBoard
187,REAL,7.188646122813225e-08,6.539630703628063e-07,8.420087397098541e-06,1.0133953765034676e-06,2.183951437473297e-07,2.0755454897880553e-06,3.5660176795172116e-06,5,TensorBoard
188,REAL,2.7474015951156616e-08,6.471527740359306e-07,6.008194759488106e-06,6.627524271607399e-07,1.4936085790395737e-07,1.4989869669079781e-06,2.5369620421488666e-06,5,TensorBoard
189,REAL,3.550667315721512e-08,1.0292278602719307e-06,3.1029339879751205e-06,4.043104127049446e-07,2.1813903003931046e-06,1.3506738469004632e-06,1.2736857338935789e-06,5,TensorBoard
190,REAL,1.0186340659856796e-08,1.4235847629606724e-06,2.5817425921559334e-06,5.500041879713535e-07,3.0722003430128098e-06,1.5275436453521252e-06,1.3005829234556354e-06,5,TensorBoard
191,REAL,3.14321368932724e-08,4.186294972896576e-07,5.8067962527275085e-06,8.126953616738319e-07,1.4402903616428375e-06,1.7019687220454215e-06,2.3530057255850275e-06,5,TensorBoard
192,REAL,2.811430022120476e-07,3.149034455418587e-08,1.6132835298776627e-06,2.1106097847223282e-07,2.1388987079262733e-06,8.551753126084804e-07,9.546631762295476e-07,5,TensorBoard
193,REAL,8.497154340147972e-07,1.8032733350992203e-07,2.856017090380192e-06,5.204929038882256e-07,2.0346837118268013e-05,4.95067797601223e-06,8.669342526339897e-06,5,TensorBoard
194,REAL,5.019828677177429e-07,4.2835017666220665e-07,3.601890057325363e-07,9.995419532060623e-07,2.6872206944972277e-05,5.832454189658165e-06,1.1764269926673193e-05,5,TensorBoard
195,REAL,1.096632331609726e-07,1.3339449651539326e-06,2.8866343200206757e-06,5.095498636364937e-07,2.7079018764197826e-05,6.38376222923398e-06,1.1617819182086477e-05,5,TensorBoard
196,REAL,2.9959483072161674e-07,3.470107913017273e-06,4.614703357219696e-06,1.1025695130228996e-06,3.9386970456689596e-05,9.774789214134217e-06,1.664514548936963e-05,5,TensorBoard
197,REAL,5.329493433237076e-07,1.6490230336785316e-06,6.928574293851852e-06,2.2024614736437798e-06,2.50414595939219e-05,7.270893547683954e-06,1.0229913537534466e-05,5,TensorBoard
198,REAL,4.6461354941129684e-07,2.198736183345318e-06,6.601214408874512e-06,1.0584481060504913e-06,7.954193279147148e-06,3.655441105365753e-06,3.398698021574751e-06,5,TensorBoard
199,REAL,8.877832442522049e-07,1.5692785382270813e-06,4.72203828394413e-06,6.705522537231445e-08,5.405338015407324e-06,2.5302986614406107e-06,2.38529655692776e-06,5,TensorBoard
200,REAL,2.239830791950226e-06,1.6033882275223732e-06,2.055661752820015e-06,5.9371814131736755e-08,6.905349437147379e-06,2.572720404714346e-06,2.5693562172259196e-06,5,TensorBoard
1,ZERO,2.709566615521908e-06,8.620554581284523e-07,1.1851079761981964e-06,7.639173418283463e-07,8.088536560535431e-07,1.2659002095460892e-06,8.238126321411917e-07,5,TensorBoard
2,ZERO,5.06348442286253e-07,1.2901145964860916e-06,1.2004747986793518e-06,3.152526915073395e-07,4.095491021871567e-07,7.443479262292385e-07,4.6334914199027727e-07,5,TensorBoard
3,ZERO,5.767215043306351e-07,1.1883676052093506e-06,9.320210665464401e-07,2.695014700293541e-07,5.48316165804863e-08,6.042886525392533e-07,4.645702847097095e-07,5,TensorBoard
4,ZERO,5.542533472180367e-07,9.867362678050995e-07,1.0407529771327972e-06,1.568114385008812e-07,6.85686245560646e-08,5.614245310425759e-07,4.52027642338237e-07,5,TensorBoard
5,ZERO,8.114147931337357e-07,8.218921720981598e-08,1.082313247025013e-06,1.5099067240953445e-07,5.6228600442409515e-08,4.366273060441017e-07,4.767844941305766e-07,5,TensorBoard
6,ZERO,5.566398613154888e-07,1.4319084584712982e-08,6.309710443019867e-07,7.532071322202682e-08,2.1944288164377213e-07,2.993387170135975e-07,2.8017292908303743e-07,5,TensorBoard
7,ZERO,2.864981070160866e-07,1.6635749489068985e-07,1.1420343071222305e-07,1.6379635781049728e-07,1.798616722226143e-07,1.821434125304222e-07,6.343650239040254e-08,5,TensorBoard
8,ZERO,3.44705767929554e-07,5.5530108511447906e-08,6.57280907034874e-07,1.8707942217588425e-07,3.6729034036397934e-07,3.2237730920314787e-07,2.2593644406603807e-07,5,TensorBoard
9,ZERO,6.855698302388191e-07,5.657784640789032e-08,7.675262168049812e-07,1.3515818864107132e-07,1.7916318029165268e-07,3.647990524768829e-07,3.343945932613153e-07,5,TensorBoard
10,ZERO,1.053675077855587e-06,1.1280644685029984e-07,8.21542926132679e-07,1.123407855629921e-07,1.962762326002121e-07,4.59328293800354e-07,4.455675167077747e-07,5,TensorBoard
11,ZERO,9.080395102500916e-07,4.866160452365875e-08,5.384208634495735e-07,1.6129342839121819e-07,1.467997208237648e-07,3.6064302548766137e-07,3.5848622673663697e-07,5,TensorBoard
12,ZERO,1.1319061741232872e-06,4.307366907596588e-08,4.4226180762052536e-07,1.0372605174779892e-07,9.42964106798172e-08,3.630528226494789e-07,4.5806019832969867e-07,5,TensorBoard
13,ZERO,1.0186340659856796e-06,6.926711648702621e-08,3.1548552215099335e-07,6.402842700481415e-08,6.100162863731384e-08,3.0568335205316546e-07,4.1308403746957116e-07,5,TensorBoard
14,ZERO,7.619382813572884e-07,2.1478626877069473e-07,1.7962884157896042e-07,2.4330802261829376e-08,8.067581802606583e-08,2.5227200239896774e-07,2.948916606815501e-07,5,TensorBoard
15,ZERO,5.094916559755802e-07,1.6740523278713226e-07,1.4633405953645706e-07,2.8172507882118225e-08,5.9371814131736755e-08,1.821550540626049e-07,1.9198717428814172e-07,5,TensorBoard
16,ZERO,5.335896275937557e-07,1.6111880540847778e-07,1.675216481089592e-07,4.7031790018081665e-08,1.6205012798309326e-07,2.1426239982247353e-07,1.8552022536657164e-07,5,TensorBoard
17,ZERO,3.5099219530820847e-07,1.668231561779976e-07,1.759035512804985e-07,8.346978574991226e-08,9.4645656645298e-08,1.7436686903238296e-07,1.0709052984709951e-07,5,TensorBoard
18,ZERO,4.3155159801244736e-07,1.2863893061876297e-07,1.7462298274040222e-07,8.201459422707558e-08,2.7031637728214264e-07,2.1742889657616616e-07,1.384726096386199e-07,5,TensorBoard
19,ZERO,8.887145668268204e-07,1.3248063623905182e-07,2.3795291781425476e-07,1.0454095900058746e-07,1.4796387404203415e-07,3.023305907845497e-07,3.3158312716211133e-07,5,TensorBoard
20,ZERO,1.2417440302670002e-06,2.8533395379781723e-07,1.2991949915885925e-07,1.0884832590818405e-07,2.945307642221451e-07,4.1207531467080114e-07,4.716430807497372e-07,5,TensorBoard
21,ZERO,9.315554052591324e-07,4.043104127049446e-07,1.7171259969472885e-07,7.031485438346863e-08,1.3771932572126389e-07,3.431225195527077e-07,3.521338786903952e-07,5,TensorBoard
22,ZERO,1.9494909793138504e-06,4.6158675104379654e-07,4.2817555367946625e-07,1.2794043868780136e-07,3.00002284348011e-07,6.534392014145851e-07,7.362689536903208e-07,5,TensorBoard
23,ZERO,1.7049023881554604e-06,3.9406586438417435e-07,2.8940849006175995e-07,1.9604340195655823e-07,2.0023435354232788e-07,5.569308996200562e-07,6.468005893940681e-07,5,TensorBoard
24,ZERO,2.541462890803814e-06,3.831228241324425e-07,1.7316779121756554e-07,2.7136411517858505e-07,3.5192351788282394e-07,7.442082278430462e-07,1.0079760688030382e-06,5,TensorBoard
25,ZERO,1.082196831703186e-06,3.6391429603099823e-07,1.9301660358905792e-07,2.1292362362146378e-07,1.8067657947540283e-07,4.0654558688402174e-07,3.848450764456603e-07,5,TensorBoard
26,ZERO,4.968605935573578e-07,2.477318048477173e-07,1.2025702744722366e-07,3.257300704717636e-07,5.98258338868618e-07,3.5776756703853605e-07,1.9152559093090598e-07,5,TensorBoard
27,ZERO,5.960464477539062e-07,5.9371814131736755e-08,2.1851155906915665e-07,3.0710361897945404e-07,7.463968358933926e-07,3.8548605516552927e-07,2.806096298359678e-07,5,TensorBoard
28,ZERO,8.479109965264797e-07,7.82310962677002e-08,1.5867408365011215e-07,5.959300324320793e-07,3.1224917620420456e-06,9.606475941836834e-07,1.249111587669054e-06,5,TensorBoard
29,ZERO,1.8944265320897102e-06,9.033828973770142e-08,3.079185262322426e-07,2.637971192598343e-07,3.254157491028309e-06,1.1621275916695595e-06,1.3782465228345589e-06,5,TensorBoard
30,ZERO,2.9096845537424088e-06,7.031485438346863e-08,2.7602072805166245e-07,2.390006557106972e-07,8.356990292668343e-06,2.3704022169113157e-06,3.5478786104812317e-06,5,TensorBoard
31,ZERO,2.2758031263947487e-06,5.6228600442409515e-08,2.6670750230550766e-07,4.234025254845619e-07,8.253497071564198e-06,2.2551277652382852e-06,3.4686110995095804e-06,5,TensorBoard
32,ZERO,2.8543872758746147e-06,5.960464477539063e-08,4.551839083433151e-08,1.2581003829836845e-06,1.4717341400682926e-05,3.7869904190301895e-06,6.217508015013832e-06,5,TensorBoard
33,ZERO,1.870619598776102e-06,6.542541086673737e-08,3.337627276778221e-07,1.1476222425699234e-06,1.4438759535551071e-05,3.5712379030883313e-06,6.116392087271176e-06,5,TensorBoard
34,ZERO,2.3394240997731686e-06,3.0384398996829987e-08,6.966292858123779e-07,1.7689308151602745e-06,2.0366802345961332e-05,5.040434189140797e-06,8.614885237847568e-06,5,TensorBoard
35,ZERO,1.6982085071504116e-06,2.200249582529068e-08,5.915062502026558e-07,1.1954107321798801e-06,1.0556308552622795e-05,2.8126873075962066e-06,4.374439493033176e-06,5,TensorBoard
36,ZERO,2.58168438449502e-06,4.1676685214042664e-08,1.001753844320774e-06,1.4274846762418747e-06,1.1251075193285942e-05,3.2607349567115307e-06,4.558859100370515e-06,5,TensorBoard
37,ZERO,1.9456492736935616e-06,1.0360963642597198e-08,5.995389074087143e-08,1.6604317352175713e-06,5.9372978284955025e-06,1.922738738358021e-06,2.414185716057742e-06,5,TensorBoard
38,ZERO,2.2067688405513763e-06,1.762527972459793e-07,4.256144165992737e-07,1.4688121154904366e-06,8.735922165215015e-06,2.602674067020416e-06,3.524422825349782e-06,5,TensorBoard
39,ZERO,2.348562702536583e-06,1.5541445463895798e-07,3.4656841307878494e-07,2.4398323148489e-06,4.1173771023750305e-06,1.8815509974956512e-06,1.648060620263963e-06,5,TensorBoard
40,ZERO,3.863591700792313e-06,2.5314511731266975e-07,8.579809218645096e-08,4.806730430573225e-06,4.359753802418709e-06,2.6738038286566733e-06,2.3111015053801154e-06,5,TensorBoard
41,ZERO,2.311717253178358e-06,1.367880031466484e-07,6.362097337841988e-08,3.3871037885546684e-06,1.6336562111973763e-06,1.5065772458910942e-06,1.4282178533352448e-06,5,TensorBoard
42,ZERO,2.8186477720737457e-06,1.130392774939537e-07,8.521601557731628e-08,2.859509550035e-06,9.75094735622406e-07,1.3703014701604842e-06,1.3877850090290905e-06,5,TensorBoard
43,ZERO,1.1326628737151623e-06,2.919696271419525e-07,2.0070001482963562e-07,1.6371486708521843e-06,1.1108932085335255e-06,8.74674879014492e-07,6.118641017339184e-07,5,TensorBoard
44,ZERO,1.8882565200328827e-07,2.4389009922742844e-07,1.476961188018322e-06,2.3051397874951363e-06,4.808302037417889e-06,1.8046237528324128e-06,1.8991218585680305e-06,5,TensorBoard
45,ZERO,3.1583476811647415e-06,4.307948984205723e-07,3.338209353387356e-06,1.7422717064619064e-06,7.302965968847275e-06,3.1945179216563702e-06,2.5811085258579864e-06,5,TensorBoard
46,ZERO,1.2219883501529694e-05,4.682224243879318e-07,2.146814949810505e-06,2.202112227678299e-06,1.28626124933362e-05,5.979929119348526e-06,6.034317204813727e-06,5,TensorBoard
47,ZERO,6.732996553182602e-06,1.4409888535737991e-06,4.811445251107216e-07,2.889311872422695e-06,1.21676130220294e-05,4.7424109652638435e-06,4.785076082154944e-06,5,TensorBoard
48,ZERO,1.2497534044086933e-05,2.4172477424144745e-06,1.489534042775631e-06,4.524888936430216e-06,2.143107121810317e-05,8.472055196762084e-06,8.442999950453464e-06,5,TensorBoard
49,ZERO,1.2463773600757122e-05,4.4710468500852585e-06,1.2997770681977272e-06,4.733214154839516e-06,1.710117794573307e-05,8.013797923922539e-06,6.534029198616166e-06,5,TensorBoard
50,ZERO,3.6489334888756275e-05,5.817040801048279e-06,1.139473170042038e-06,4.154397174715996e-06,3.0942552257329226e-05,1.5708559658378363e-05,1.6639668316922587e-05,5,TensorBoard
51,ZERO,1.6220612451434135e-05,3.528373781591654e-06,1.5960540622472763e-06,3.3231335692107677e-06,2.043205313384533e-05,9.020045399665833e-06,8.65752556067249e-06,5,TensorBoard
52,ZERO,1.5633180737495422e-05,3.5031698644161224e-06,1.6968697309494019e-06,3.3668475225567818e-06,5.579437129199505e-06,5.955900996923447e-06,5.582336057759147e-06,5,TensorBoard
53,ZERO,8.11135396361351e-06,2.1581072360277176e-06,1.2135133147239685e-06,4.6693021431565285e-06,2.698623575270176e-06,3.77018004655838e-06,2.7357708382643975e-06,5,TensorBoard
54,ZERO,4.285015165805817e-06,3.2679527066648006e-06,1.3256212696433067e-06,3.7457793951034546e-06,2.327142283320427e-07,2.571416553109884e-06,1.7191746097711082e-06,5,TensorBoard
55,ZERO,2.360378857702017e-06,1.2342934496700764e-06,2.3832544684410095e-06,4.599220119416714e-06,1.332256942987442e-06,2.3818807676434518e-06,1.3542271638988521e-06,5,TensorBoard
56,ZERO,4.833040293306112e-06,2.0037987269461155e-06,2.0135194063186646e-06,7.910537533462048e-06,8.143892046064138e-06,4.9809576012194155e-06,3.01154598233965e-06,5,TensorBoard
57,ZERO,4.8336805775761604e-06,1.3562384992837906e-06,1.6461126506328583e-06,8.669740054756403e-06,9.370327461510897e-06,5.175219848752022e-06,3.7738065858612307e-06,5,TensorBoard
58,ZERO,1.0001007467508316e-05,1.9167782738804817e-06,4.337634891271591e-07,5.371228326112032e-06,1.8266728147864342e-05,7.197901140898466e-06,7.199945952389983e-06,5,TensorBoard
59,ZERO,7.310707587748766e-06,1.235981471836567e-06,6.087939254939556e-07,4.976580385118723e-06,2.9941322281956673e-05,8.814677130430937e-06,1.2125398894766737e-05,5,TensorBoard
60,ZERO,1.1332856956869364e-05,1.317821443080902e-06,7.847556844353676e-07,4.259985871613026e-06,3.0973926186561584e-05,9.733869228512049e-06,1.2595402672135965e-05,5,TensorBoard
61,ZERO,1.02287158370018e-05,9.152572602033615e-07,7.302733138203621e-07,3.2761599868535995e-06,2.4931272491812706e-05,8.016335777938366e-06,1.0210178725621905e-05,5,TensorBoard
62,ZERO,1.4769320841878653e-05,2.159504219889641e-06,4.87128272652626e-06,2.9408838599920273e-06,9.98075120151043e-06,6.944348569959402e-06,5.33080667269863e-06,5,TensorBoard
63,ZERO,7.597089279443026e-06,2.977438271045685e-06,1.1969823390245438e-05,3.916444256901741e-06,1.6593839973211288e-06,5.624035838991403e-06,4.177342799198667e-06,5,TensorBoard
64,ZERO,8.094764780253172e-06,5.2852556109428406e-06,1.2393691577017307e-05,3.7392601370811462e-06,4.1548628360033035e-07,5.985691677778959e-06,4.5297600804105055e-06,5,TensorBoard
65,ZERO,6.174435839056969e-06,3.184541128575802e-06,1.543317921459675e-05,5.3533585742115974e-06,1.2950040400028229e-06,6.288103759288788e-06,5.456240002279102e-06,5,TensorBoard
66,ZERO,4.233792424201965e-06,4.843226633965969e-06,1.1579948477447033e-05,4.6522472985088825e-06,3.6262208595871925e-06,5.787087138742208e-06,3.2717749063591695e-06,5,TensorBoard
67,ZERO,5.711335688829422e-07,1.4803488738834858e-05,1.1059455573558807e-05,5.809357389807701e-06,1.3797369319945574e-05,9.208160918205976e-06,5.957053087169978e-06,5,TensorBoard
68,ZERO,1.0640360414981842e-07,2.2816122509539127e-05,1.1898577213287354e-05,3.4359400160610676e-06,6.751972250640392e-06,9.001803118735551e-06,8.86559958382451e-06,5,TensorBoard
69,ZERO,2.5692861527204514e-07,1.3228273019194603e-05,1.220102421939373e-05,1.7278362065553665e-06,3.255670890212059e-06,6.13394659012556e-06,6.110984340419773e-06,5,TensorBoard
70,ZERO,7.71484337747097e-07,6.0862512327730656e-06,8.59179999679327e-06,8.325441740453243e-07,4.192697815597057e-06,4.094955511391163e-06,3.3869311666316167e-06,5,TensorBoard
71,ZERO,7.206108421087265e-07,1.0906369425356388e-05,1.002324279397726e-05,4.861503839492798e-07,3.5623088479042053e-06,5.139736458659172e-06,5.019350115713421e-06,5,TensorBoard
72,ZERO,6.620539352297783e-07,1.9650091417133808e-05,9.698211215436459e-06,5.620531737804413e-07,3.7978170439600945e-06,6.874045357108116e-06,8.048237836721444e-06,5,TensorBoard
73,ZERO,2.50060111284256e-07,9.227718692272902e-06,4.113418981432915e-06,9.70496330410242e-07,5.360227078199387e-06,3.98438423871994e-06,3.6204573843712443e-06,5,TensorBoard
74,ZERO,2.0652078092098236e-07,1.0930350981652737e-05,3.9994483813643456e-06,1.2043165042996407e-06,5.339563358575106e-06,4.3360400013625625e-06,4.226875660755594e-06,5,TensorBoard
75,ZERO,4.647532477974892e-06,9.619689080864191e-06,4.327739588916302e-06,7.314374670386314e-07,2.3527536541223526e-06,4.335830453783274e-06,3.3518885721785356e-06,5,TensorBoard
76,ZERO,6.5481290221214294e-06,1.1185125913470984e-05,5.707493983209133e-06,5.359761416912079e-07,1.9802246242761612e-07,4.834949504584074e-06,4.582666328667642e-06,5,TensorBoard
77,ZERO,1.3561220839619637e-06,7.397029548883438e-06,4.6121422201395035e-06,1.3594981282949448e-06,7.502967491745949e-07,3.095017746090889e-06,2.8435222542662297e-06,5,TensorBoard
78,ZERO,4.942994564771652e-07,6.063259206712246e-06,2.4004257284104824e-06,3.1284289434552193e-06,6.910413503646851e-07,2.5554909370839596e-06,2.2572895246645004e-06,5,TensorBoard
79,ZERO,3.3748801797628403e-07,2.7096830308437347e-06,2.3173633962869644e-06,2.9248185455799103e-06,3.0477531254291534e-07,1.7188256606459618e-06,1.2944203970889232e-06,5,TensorBoard
80,ZERO,8.039060048758984e-07,8.178176358342171e-07,3.645196557044983e-06,7.150229066610336e-07,6.164191290736198e-07,1.3196724466979503e-06,1.302507385441508e-06,5,TensorBoard
81,ZERO,1.019798219203949e-06,1.0308576747775078e-07,9.631738066673279e-06,7.310882210731506e-08,4.446948878467083e-06,3.0549359507858754e-06,4.09079833831065e-06,5,TensorBoard
82,ZERO,1.1257361620664597e-07,1.6792910173535347e-07,2.4472246877849102e-05,3.816094249486923e-07,9.799841791391373e-06,6.986840162426233e-06,1.0618787452738189e-05,5,TensorBoard
83,ZERO,2.026790753006935e-07,3.6152778193354607e-07,1.1225813068449497e-05,9.014038369059563e-07,9.301293175667524e-06,4.398543387651443e-06,5.403270401897653e-06,5,TensorBoard
84,ZERO,3.4424010664224625e-07,7.669441401958466e-07,5.388050340116024e-06,4.2177271097898483e-07,1.108972355723381e-06,1.6059959307312965e-06,2.1359651384493628e-06,5,TensorBoard
85,ZERO,4.82192263007164e-07,5.94649463891983e-07,2.907821908593178e-06,1.7811544239521027e-06,3.625638782978058e-06,1.878291368484497e-06,1.3891922974778724e-06,5,TensorBoard
86,ZERO,1.54844019562006e-06,4.3975887820124626e-07,2.4460197892040014e-05,4.203408025205135e-06,5.533220246434212e-07,6.241025403141975e-06,1.0297028087075957e-05,5,TensorBoard
87,ZERO,2.7272035367786884e-06,3.07220034301281e-07,3.7856283597648144e-05,1.8938910216093063e-05,6.513437256217003e-07,1.2096192222088575e-05,1.6341262715589167e-05,5,TensorBoard
88,ZERO,1.8212012946605682e-06,5.2386894822120667e-08,2.1278217900544405e-05,1.791148679330945e-05,2.6674242690205574e-06,8.74614343047142e-06,1.0019274704431423e-05,5,TensorBoard
89,ZERO,1.1903466656804085e-07,7.764901965856552e-08,1.0739313438534737e-05,8.145230822265148e-06,8.602743037045002e-06,5.536794196814298e-06,5.060251346850611e-06,5,TensorBoard
90,ZERO,7.363851182162762e-07,2.5867484509944916e-07,4.105328116565943e-06,4.937523044645786e-06,1.324736513197422e-05,4.657055251300335e-06,5.217611842366652e-06,5,TensorBoard
91,ZERO,4.008354153484106e-06,7.874332368373871e-07,3.08966264128685e-06,2.2224849089980125e-06,9.485753253102303e-06,3.918737638741731e-06,3.33051797406208e-06,5,TensorBoard
92,ZERO,3.700726665556431e-06,1.3880198821425438e-06,2.0345905795693398e-06,2.079701516777277e-06,8.793547749519348e-06,3.599317278712988e-06,3.026456340780785e-06,5,TensorBoard
93,ZERO,3.928435035049915e-06,5.100620910525322e-06,1.1272495612502098e-06,4.85952477902174e-06,1.1875294148921967e-05,5.3782248869538305e-06,3.960135875160518e-06,5,TensorBoard
94,ZERO,5.2086543291807175e-06,4.7937617637217045e-05,7.794005796313286e-07,1.6668345779180527e-06,2.154888352379203e-05,1.5428278129547834e-05,2.001703411057145e-05,5,TensorBoard
95,ZERO,2.0326697267591953e-06,5.647959187626839e-05,3.882450982928276e-07,1.4798133634030819e-06,2.2219959646463394e-05,1.652005594223738e-05,2.4112144199510645e-05,5,TensorBoard
96,ZERO,1.3512326404452324e-06,3.768515307456255e-05,1.8009450286626816e-07,2.807588316500187e-06,1.3357959687709808e-05,1.107640564441681e-05,1.5771119610754212e-05,5,TensorBoard
97,ZERO,7.833587005734444e-07,2.7946894988417625e-05,1.0535586625337601e-07,3.1273229978978634e-06,1.257169060409069e-05,8.9069246314466e-06,1.1756006039816122e-05,5,TensorBoard
98,ZERO,4.967441782355309e-07,1.929572317749262e-05,7.520429790019989e-08,2.7475180104374886e-06,1.9396888092160225e-05,8.402415551245212e-06,1.0041943671494677e-05,5,TensorBoard
99,ZERO,6.355694495141506e-07,1.549883745610714e-05,6.145564839243889e-07,1.8095597624778748e-06,2.3436383344233036e-05,8.398981299251318e-06,1.0497853675321859e-05,5,TensorBoard
100,ZERO,6.292248144745827e-07,1.585925929248333e-05,1.1533382348716259e-05,1.2406380847096443e-06,1.5570432879030704e-05,8.966587483882903e-06,7.531766807032296e-06,5,TensorBoard
101,ZERO,5.955807864665985e-07,8.245231583714485e-06,3.3444841392338276e-05,2.223532646894455e-08,1.1119351256638765e-05,1.0685448069125414e-05,1.359818407627772e-05,5,TensorBoard
102,ZERO,8.431379683315754e-07,6.399117410182953e-06,2.371746813878417e-05,4.991888999938965e-07,1.6122416127473116e-05,9.516265708953143e-06,1.0143505388985187e-05,5,TensorBoard
103,ZERO,2.9758084565401077e-06,5.3800176829099655e-06,1.1736759915947914e-05,4.322209861129522e-06,8.804025128483772e-06,6.643764209002256e-06,3.572320736774741e-06,5,TensorBoard
104,ZERO,3.6701676435768604e-06,3.1989766284823418e-06,6.181770004332066e-06,2.5224871933460236e-06,5.8908481150865555e-06,4.29284991696477e-06,1.6462148626231805e-06,5,TensorBoard
105,ZERO,2.6337220333516598e-06,1.5381956472992897e-06,4.309928044676781e-06,4.341127350926399e-07,8.314847946166992e-06,3.4461612813174724e-06,3.0750215324047953e-06,5,TensorBoard
106,ZERO,4.144967533648014e-07,9.214272722601891e-07,2.86672729998827e-06,4.586763679981232e-08,7.121125236153603e-06,2.273928839713335e-06,2.919662986450747e-06,5,TensorBoard
107,ZERO,2.605374902486801e-07,6.122281774878502e-07,3.0098017305135727e-06,7.342314347624779e-07,8.785049431025982e-06,2.6803696528077126e-06,3.581057508231273e-06,5,TensorBoard
108,ZERO,1.641456037759781e-07,4.6624336391687393e-07,2.493266947567463e-06,2.8365757316350937e-06,7.67153687775135e-06,2.726353704929352e-06,3.008085938414907e-06,5,TensorBoard
109,ZERO,1.2933742254972458e-07,2.1891901269555092e-07,2.3157335817813873e-06,2.4705659598112106e-06,9.92720015347004e-06,3.0123512260615827e-06,4.022094455250937e-06,5,TensorBoard
110,ZERO,1.0244548320770264e-07,2.782326191663742e-08,1.5409896150231361e-06,1.1718948371708393e-06,9.334762580692768e-06,2.4355831556022167e-06,3.912694775105957e-06,5,TensorBoard
111,ZERO,8.422648534178734e-08,5.563488230109215e-07,7.585622370243073e-07,1.4617107808589935e-06,1.2171047274023294e-05,3.0063791200518606e-06,5.1471217167245094e-06,5,TensorBoard
112,ZERO,1.131382305175066e-06,1.8696300685405731e-06,5.338806658983231e-07,1.446460373699665e-06,4.716566763818264e-06,1.9395840354263784e-06,1.6270287011073596e-06,5,TensorBoard
113,ZERO,3.080815076828003e-06,1.7064157873392105e-06,4.1013117879629135e-07,1.9957078620791435e-06,1.6100239008665085e-06,1.7606187611818314e-06,9.549369981457872e-07,5,TensorBoard
114,ZERO,4.392233677208424e-06,2.5993213057518005e-06,1.1753290891647339e-06,9.248033165931702e-07,8.264905773103237e-07,1.9836355932056903e-06,1.5242935584376375e-06,5,TensorBoard
115,ZERO,3.5209814086556435e-06,3.4692930057644844e-06,1.6244594007730484e-06,6.284099072217941e-07,1.984706614166498e-06,2.2455700673162936e-06,1.2443077497529711e-06,5,TensorBoard
116,ZERO,2.7007190510630608e-06,4.7336798161268234e-06,9.83942300081253e-07,1.5856930986046791e-06,2.3209722712635994e-06,2.4650013074278832e-06,1.4309025214092832e-06,5,TensorBoard
117,ZERO,2.5104964151978493e-06,4.464760422706604e-06,1.210719347000122e-07,1.2738746590912342e-06,1.8007121980190277e-06,2.0341831259429455e-06,1.6145550791220138e-06,5,TensorBoard
118,ZERO,8.217757567763329e-07,2.4843611754477024e-06,1.2060627341270447e-07,1.0072835721075535e-06,8.604838512837887e-07,1.0589021258056163e-06,8.675534292571512e-07,5,TensorBoard
119,ZERO,3.7206336855888367e-07,9.30391252040863e-07,1.3737007975578308e-08,9.893323294818401e-06,6.677582859992981e-07,2.375454641878605e-06,4.2164579597005876e-06,5,TensorBoard
120,ZERO,1.966254785656929e-07,2.8312206268310547e-07,3.8370490074157715e-07,2.970709465444088e-05,1.9674189388751984e-08,6.118044257164001e-06,1.3187357405395926e-05,5,TensorBoard
121,ZERO,1.1408701539039612e-08,2.5937333703041077e-07,2.1560117602348328e-07,1.5277822967618704e-05,2.4097971618175507e-08,3.1576608307659624e-06,6.776286488278472e-06,5,TensorBoard
122,ZERO,8.183997124433517e-08,1.2130476534366608e-07,1.1426163837313652e-06,7.639871910214424e-06,2.1955929696559906e-07,1.8410384654998779e-06,3.2709219174216154e-06,5,TensorBoard
123,ZERO,4.3516047298908234e-07,8.05361196398735e-07,1.3459357433021069e-06,4.463654477149248e-06,1.789303496479988e-07,1.4458084478974342e-06,1.743124446242782e-06,5,TensorBoard
124,ZERO,9.816139936447144e-07,4.332512617111206e-06,4.323024768382311e-06,3.336113877594471e-06,1.0395888239145279e-07,2.615444827824831e-06,1.9596223982263806e-06,5,TensorBoard
125,ZERO,2.6028137654066086e-06,1.9974540919065475e-06,1.1513475328683853e-07,2.2363383322954178e-06,7.380731403827667e-08,1.4051096513867377e-06,1.2158031658205776e-06,5,TensorBoard
126,ZERO,1.632142812013626e-06,2.0639272406697273e-06,2.4024629965424538e-06,4.7202338464558125e-06,7.171183824539185e-08,2.1780957467854024e-06,1.6778527204056319e-06,5,TensorBoard
127,ZERO,1.4312099665403366e-06,5.564535968005657e-06,7.671769708395004e-08,4.1405437514185905e-06,5.69620169699192e-07,2.3565255105495455e-06,2.3833178238741372e-06,5,TensorBoard
128,ZERO,3.928551450371742e-06,3.5156263038516045e-06,6.040791049599648e-07,7.527123671025038e-06,1.598382368683815e-07,3.1470437534153463e-06,2.971606192908068e-06,5,TensorBoard
129,ZERO,6.441259756684303e-06,1.7862766981124878e-06,2.0780134946107864e-07,9.895360562950373e-06,2.1152663975954056e-07,3.7084450013935565e-06,4.298949745125413e-06,5,TensorBoard
130,ZERO,6.705755367875099e-06,2.8724316507577896e-06,4.1106250137090683e-07,1.2927688658237457e-05,1.2665987014770508e-07,4.6087196096777914e-06,5.3461828809436145e-06,5,TensorBoard
131,ZERO,1.4694523997604847e-06,2.382323145866394e-06,1.1083902791142464e-06,7.157563231885433e-06,1.2281816452741623e-07,2.4481094442307947e-06,2.754218555354841e-06,5,TensorBoard
132,ZERO,1.127016730606556e-06,1.0104384273290634e-05,5.996553227305412e-07,9.982381016016006e-06,4.5885099098086357e-07,4.45445766672492e-06,5.1082248437467985e-06,5,TensorBoard
133,ZERO,2.9221409931778908e-06,1.0073068551719189e-05,3.562308847904205e-08,4.8103975132107735e-06,1.1431984603404999e-06,3.796885721385479e-06,3.94879754117004e-06,5,TensorBoard
134,ZERO,3.188790287822485e-06,4.318193532526493e-06,2.153683453798294e-07,1.4876131899654865e-06,2.1425075829029083e-06,2.2704945877194406e-06,1.5723522020921138e-06,5,TensorBoard
135,ZERO,4.0371669456362724e-06,2.846820279955864e-06,7.422640919685364e-07,8.025672286748886e-07,2.9234797693789005e-06,2.270459663122892e-06,1.4465451379668366e-06,5,TensorBoard
136,ZERO,5.227746441960335e-06,2.9710354283452034e-06,1.1970987543463707e-06,2.627493813633919e-07,2.9026996344327927e-06,2.5122659280896188e-06,1.9056974932758927e-06,5,TensorBoard
137,ZERO,4.195317160338163e-06,2.0883744582533836e-06,1.862645149230957e-06,7.916241884231567e-07,3.0943192541599274e-06,2.4064560420811175e-06,1.2920688831951337e-06,5,TensorBoard
138,ZERO,1.203850843012333e-06,2.1158484742045403e-06,1.9136350601911545e-06,3.144959919154644e-06,3.829482011497021e-06,2.4415552616119384e-06,1.0413711698467236e-06,5,TensorBoard
139,ZERO,5.708425305783749e-07,1.57882459461689e-06,1.9759172573685646e-06,1.7062993720173836e-06,1.5335390344262123e-06,1.4730845578014851e-06,5.329414245817812e-07,5,TensorBoard
140,ZERO,3.871391527354717e-07,9.73348505795002e-07,2.314569428563118e-06,1.2299860827624798e-06,1.4462857507169247e-06,1.2702657841145992e-06,7.055579533262878e-07,5,TensorBoard
141,ZERO,3.9709266275167465e-07,1.819687895476818e-06,2.2852327674627304e-06,4.4049229472875595e-06,7.167691364884377e-07,1.9247410818934442e-06,1.5878600714611639e-06,5,TensorBoard
142,ZERO,2.16066837310791e-06,2.393266186118126e-06,2.5295885279774666e-06,8.861534297466278e-07,4.647299647331238e-07,1.686881296336651e-06,9.445141976911799e-07,5,TensorBoard
143,ZERO,5.2584800869226456e-06,1.3854587450623512e-06,2.089189365506172e-06,2.862652763724327e-07,1.8330756574869156e-06,2.1704938262701036e-06,1.8589457959365253e-06,5,TensorBoard
144,ZERO,5.5461423471570015e-06,3.0011869966983795e-07,2.175453118979931e-06,5.29515091329813e-07,4.222150892019272e-06,2.554676029831171e-06,2.294420337561024e-06,5,TensorBoard
145,ZERO,2.211949322372675e-06,2.78581865131855e-07,2.8409413062036037e-06,1.5008263289928436e-06,4.103465471416712e-06,2.187152858823538e-06,1.433003451777643e-06,5,TensorBoard
146,ZERO,1.0671792551875114e-06,1.282314769923687e-06,2.757762558758259e-06,5.936017259955406e-07,8.009898010641336e-06,2.742151264101267e-06,3.053781198623927e-06,5,TensorBoard
147,ZERO,2.3995526134967804e-06,9.23406332731247e-07,3.7525896914303303e-06,4.0332088246941566e-07,3.782450221478939e-06,2.2522639483213424e-06,1.5651353248328361e-06,5,TensorBoard
148,ZERO,3.437511622905731e-06,1.785927452147007e-06,2.4426262825727463e-06,9.838258847594261e-07,1.0693911463022232e-06,1.9438564777374266e-06,1.0236047752139155e-06,5,TensorBoard
149,ZERO,1.4720135368406773e-06,2.792919985949993e-06,4.814937710762024e-07,5.342299118638039e-07,9.150244295597076e-08,1.0744319297373294e-06,1.0863720115305578e-06,5,TensorBoard
150,ZERO,4.7066714614629745e-07,7.71484337747097e-07,3.416789695620537e-08,5.390029400587082e-08,8.89413058757782e-08,2.8383219614624976e-07,3.2630327563931185e-07,5,TensorBoard
151,ZERO,5.480251275002956e-07,4.6123750507831573e-07,3.8766302168369293e-07,2.671731635928154e-08,8.710194379091263e-07,4.589324817061424e-07,3.039933211551261e-07,5,TensorBoard
152,ZERO,1.2347009032964706e-06,4.831235855817795e-07,1.3597309589385986e-06,5.331821739673615e-07,2.4389009922742844e-06,1.209927722811699e-06,7.936716589456452e-07,5,TensorBoard
153,ZERO,7.244525477290154e-07,1.0271323844790459e-06,1.982087269425392e-06,1.4938414096832275e-06,4.069413989782333e-06,1.8593855202198029e-06,1.3241622055360217e-06,5,TensorBoard
154,ZERO,2.8405338525772095e-08,6.799236871302128e-07,2.494547516107559e-06,2.7596252039074898e-06,4.963367246091366e-06,2.18517379835248e-06,1.9404569973513277e-06,5,TensorBoard
155,ZERO,1.4260876923799515e-08,5.003530532121658e-07,3.968772944062948e-05,1.3222452253103256e-06,4.2994506657123566e-06,9.164807852357627e-06,1.714374170297027e-05,5,TensorBoard
156,ZERO,5.08094672113657e-07,9.720679372549057e-07,6.883667083457112e-05,1.1491356417536736e-06,6.828340701758862e-07,1.4429760631173849e-05,3.0415403760197035e-05,5,TensorBoard
157,ZERO,1.846463419497013e-06,1.14471185952425e-06,5.277624586597085e-05,3.1747622415423393e-06,9.12696123123169e-08,1.1806690599769354e-05,2.293005479139401e-05,5,TensorBoard
158,ZERO,2.948683686554432e-06,1.2442469596862793e-06,8.093658834695816e-06,2.007116563618183e-06,3.213062882423401e-08,2.8651673346757887e-06,3.1118254012429626e-06,5,TensorBoard
159,ZERO,4.608242306858301e-06,4.305969923734665e-06,7.71484337747097e-07,7.887138053774834e-07,6.265472620725632e-07,2.220191527158022e-06,2.0457786462797985e-06,5,TensorBoard
160,ZERO,4.4389162212610245e-06,3.983732312917709e-06,5.081528797745705e-07,7.977942004799843e-07,2.7962960302829742e-06,2.5049783289432524e-06,1.7967668631810089e-06,5,TensorBoard
161,ZERO,1.169624738395214e-06,2.8603244572877884e-06,6.32251612842083e-07,1.631386112421751e-06,1.923064701259136e-06,1.6433303244411946e-06,8.375777349681649e-07,5,TensorBoard
162,ZERO,9.456416592001915e-07,4.143104888498783e-06,4.237517714500427e-07,1.1686934158205986e-06,1.5669502317905426e-07,1.367577351629734e-06,1.602980068149864e-06,5,TensorBoard
163,ZERO,2.0068837329745293e-06,4.0584709495306015e-06,9.010545909404755e-07,2.343207597732544e-06,4.3888576328754425e-08,1.870701089501381e-06,1.5252543528549532e-06,5,TensorBoard
164,ZERO,3.2744137570261955e-06,2.7810456231236458e-06,1.1610682122409344e-06,6.062444299459457e-06,7.019843906164169e-08,2.669834066182375e-06,2.2870378551594604e-06,5,TensorBoard
165,ZERO,3.3901305869221687e-06,2.055661752820015e-06,9.309151209890842e-07,2.9325601644814014e-06,2.8777867555618286e-07,1.9194092601537703e-06,1.3083768327078268e-06,5,TensorBoard
166,ZERO,4.517147317528725e-06,2.621789462864399e-06,1.4211982488632202e-06,1.112697646021843e-06,3.490131348371506e-07,2.0043691620230676e-06,1.6256254080985084e-06,5,TensorBoard
167,ZERO,9.040057193487883e-06,1.4980323612689972e-06,2.05205287784338e-06,5.174661055207253e-07,2.5613699108362198e-06,3.133795689791441e-06,3.3875753089093582e-06,5,TensorBoard
168,ZERO,8.190283551812172e-06,7.661874406039715e-07,1.2925011105835438e-06,2.2584572434425354e-07,4.188157618045807e-06,2.9325950890779494e-06,3.313964684349515e-06,5,TensorBoard
169,ZERO,6.559188477694988e-06,1.3986718840897083e-06,8.25151801109314e-07,1.2167729437351227e-06,2.706481609493494e-06,2.5412533432245255e-06,2.354561973437251e-06,5,TensorBoard
170,ZERO,8.495990186929703e-06,2.0548468455672264e-06,1.6764388419687748e-06,2.5277258828282356e-06,2.427259460091591e-07,2.99954554066062e-06,3.188911992243819e-06,5,TensorBoard
171,ZERO,5.13298436999321e-06,1.3815006241202354e-06,1.6604899428784847e-06,1.2496020644903183e-06,9.315554052591324e-07,2.0712264813482762e-06,1.7315242183473748e-06,5,TensorBoard
172,ZERO,2.180458977818489e-07,4.866160452365875e-07,9.346986189484596e-07,9.147915989160538e-07,4.313304089009762e-06,1.3734912499785424e-06,1.6708564766432644e-06,5,TensorBoard
173,ZERO,9.463401511311531e-07,5.83939254283905e-07,1.5471596270799637e-06,4.5588240027427673e-07,9.911018423736095e-06,2.688867971301079e-06,4.059442934968881e-06,5,TensorBoard
174,ZERO,1.6898848116397858e-06,2.0299339666962624e-06,1.9934377633035183e-06,2.980232238769531e-07,4.022149369120598e-06,2.0066858269274234e-06,1.3306671307517932e-06,5,TensorBoard
175,ZERO,1.8183491192758083e-06,8.764327503740788e-07,2.6246998459100723e-06,1.2866221368312836e-06,1.6269623301923275e-06,1.646613236516714e-06,6.537018357226486e-07,5,TensorBoard
176,ZERO,1.4217803254723549e-06,1.2998934835195541e-06,4.0048034861683846e-06,2.9756338335573673e-06,2.986285835504532e-06,2.5376793928444386e-06,1.1535650852501828e-06,5,TensorBoard
177,ZERO,7.458147592842579e-07,2.3780157789587975e-06,3.0070077627897263e-06,9.25036147236824e-07,2.5629415176808834e-06,1.923763193190098e-06,1.0214366555253508e-06,5,TensorBoard
178,ZERO,5.780020728707314e-07,5.032867193222046e-06,2.628890797495842e-06,6.448244675993919e-07,5.233276169747114e-06,2.823572140187025e-06,2.2646790785157683e-06,5,TensorBoard
179,ZERO,2.1086307242512703e-06,4.235538654029369e-06,2.0721927285194397e-06,5.498412065207958e-06,4.458357580006123e-06,3.674626350402832e-06,1.522759616601592e-06,5,TensorBoard
180,ZERO,2.207118086516857e-06,1.4246907085180283e-06,6.253831088542938e-07,1.820444595068693e-05,6.659189239144325e-06,5.824165418744087e-06,7.304696391112924e-06,5,TensorBoard
181,ZERO,1.3932585716247559e-06,1.8614809960126877e-07,1.4493707567453384e-07,2.843159018084407e-05,4.284083843231201e-06,6.888003554195166e-06,1.216020720518953e-05,5,TensorBoard
182,ZERO,1.1307420209050179e-06,1.5122350305318832e-07,4.704343155026436e-07,3.3590709790587425e-05,4.74805710837245e-06,8.018233347684146e-06,1.4413034508398813e-05,5,TensorBoard
183,ZERO,1.7285346984863281e-06,5.53554855287075e-07,8.939532563090324e-07,3.370258491486311e-05,1.027772668749094e-06,7.5812800787389275e-06,1.460851563341495e-05,5,TensorBoard
184,ZERO,1.012464053928852e-06,1.357169821858406e-06,8.344068191945553e-07,1.7992686480283737e-05,3.9814040064811707e-07,4.318973515182733e-06,7.651647691150311e-06,5,TensorBoard
185,ZERO,1.5692785382270813e-07,1.1289957910776138e-06,4.762550815939903e-07,1.2631528079509735e-05,1.1373776942491531e-07,2.9014889150857924e-06,5.454386423607344e-06,5,TensorBoard
186,ZERO,4.178727976977825e-07,8.188653737306595e-07,2.148444764316082e-06,1.1544907465577126e-05,4.505272954702377e-08,2.9950286261737345e-06,4.845020868372123e-06,5,TensorBoard
187,ZERO,2.0954757928848267e-07,3.493623808026314e-07,4.992296453565359e-06,9.526440408080816e-06,5.960464477539063e-08,3.027450293302536e-06,4.183847849518812e-06,5,TensorBoard
188,ZERO,2.2177118808031082e-07,2.0849984139204025e-07,5.7353172451257706e-06,6.79155346006155e-06,1.0686926543712616e-07,2.6128022000193595e-06,3.353709189263403e-06,5,TensorBoard
189,ZERO,1.240987330675125e-07,5.915062502026558e-07,1.5972182154655457e-06,3.1616073101758957e-06,7.631024345755577e-08,1.1101481504738331e-06,1.2995985557475588e-06,5,TensorBoard
190,ZERO,1.0512303560972214e-07,3.2456591725349426e-07,1.7671845853328705e-07,2.434011548757553e-06,4.557659849524498e-08,6.171991117298603e-07,1.0209602133604034e-06,5,TensorBoard
191,ZERO,1.1896481737494469e-06,2.994784153997898e-07,4.912726581096649e-08,1.4308025129139423e-06,2.786400727927685e-07,6.495392881333828e-07,6.169872919729643e-07,5,TensorBoard
192,ZERO,1.0096700862050056e-06,1.1730589903891087e-06,2.87545844912529e-08,2.9354123398661613e-07,9.336508810520172e-08,5.19677996635437e-07,5.34061161954175e-07,5,TensorBoard
193,ZERO,1.8044374883174896e-08,1.9838917069137096e-06,9.388895705342293e-08,3.8172584027051926e-07,9.359791874885559e-08,5.142297595739364e-07,8.332588133121523e-07,5,TensorBoard
194,ZERO,3.236345946788788e-07,3.1240633688867092e-06,8.174683898687363e-07,1.2514647096395493e-06,6.064656190574169e-07,1.224619336426258e-06,1.1144805654377485e-06,5,TensorBoard
195,ZERO,4.578614607453346e-07,5.6578428484499454e-06,1.0413350537419319e-07,8.023343980312347e-07,3.350432962179184e-07,1.4714431017637253e-06,2.353823330769432e-06,5,TensorBoard
196,ZERO,1.3787648640573025e-06,2.46451236307621e-07,2.560787834227085e-06,5.0640664994716644e-08,3.493041731417179e-07,9.171897545456887e-07,1.0532993101760505e-06,5,TensorBoard
197,ZERO,1.919688656926155e-06,1.7184065654873848e-06,1.3554119504988194e-05,1.896405592560768e-07,1.2299278751015663e-07,3.500969614833593e-06,5.6815365608015e-06,5,TensorBoard
198,ZERO,1.2514647096395493e-07,1.3170065358281136e-06,1.5225494280457497e-05,4.859757609665394e-07,1.2508826330304146e-07,3.455742262303829e-06,6.597478505750357e-06,5,TensorBoard
199,ZERO,1.755543053150177e-07,1.821550540626049e-06,1.0639079846441746e-05,1.0223593562841415e-06,9.159557521343231e-07,2.9148999601602553e-06,4.357174266932383e-06,5,TensorBoard
200,ZERO,6.736954674124718e-07,6.484333425760269e-07,1.3422919437289238e-05,2.782326191663742e-07,5.870824679732323e-07,3.122072666883469e-06,5.760522722171121e-06,5,TensorBoard
