update,condition,seed0,seed1,seed2,seed3,seed4,mean,sample_std,valid_seed_count,source
1,OFF,-0.0008043050765991211,-0.00039839744567871094,7.194280624389648e-05,0.0004487037658691406,-0.00031554698944091797,-0.00019952058792114258,0.00047766766568532504,5,TensorBoard
2,OFF,0.0005110502243041992,0.0002595186233520508,0.0002884864807128906,0.0004870295524597168,-0.00027501583099365234,0.000254213809967041,0.00031680233725403284,5,TensorBoard
3,OFF,0.0009626150131225586,6.109476089477539e-05,0.00019127130508422852,0.0003579854965209961,0.00020182132720947266,0.00035495758056640624,0.00035561776856427973,5,TensorBoard
4,OFF,-0.0002048015594482422,0.00027376413345336914,0.00016307830810546875,5.2928924560546875e-05,0.00010335445404052734,7.766485214233398e-05,0.00017805159506877966,5,TensorBoard
5,OFF,0.00017470121383666992,-0.0001913309097290039,-0.0005131959915161133,0.0005205273628234863,0.00024574995040893555,4.729032516479492e-05,0.00040331689034335896,5,TensorBoard
6,OFF,0.00030547380447387695,-0.0015319585800170898,0.0003427267074584961,-0.000982046127319336,0.00023120641708374023,-0.0003269195556640625,0.0008719463796901059,5,TensorBoard
7,OFF,0.00024968385696411133,-0.00022137165069580078,-0.0003484487533569336,0.0002861618995666504,-7.355213165283203e-05,-2.1505355834960938e-05,0.0002818466413950091,5,TensorBoard
8,OFF,-0.00031125545501708984,-0.001811385154724121,0.0003287196159362793,-0.0004627704620361328,-0.00015211105346679688,-0.0004817605018615723,0.0008004500437698257,5,TensorBoard
9,OFF,0.000409543514251709,-0.0011897087097167969,0.0003484487533569336,0.00020164251327514648,0.00017631053924560547,-1.0752677917480469e-05,0.000666280017476634,5,TensorBoard
10,OFF,-0.0002834796905517578,0.00042557716369628906,0.0003437995910644531,-0.0002187490463256836,3.910064697265625e-05,6.12497329711914e-05,0.0003202722173979694,5,TensorBoard
11,OFF,0.0001608729362487793,-0.0006785392761230469,-0.0005068778991699219,0.0004795193672180176,-0.0003088712692260742,-0.0001707792282104492,0.0004802950697424231,5,TensorBoard
12,OFF,5.179643630981445e-05,-0.002113938331604004,-0.0007473230361938477,0.001404881477355957,-0.0009636878967285156,-0.00047365427017211916,0.0013048519408847294,5,TensorBoard
13,OFF,0.00020551681518554688,-0.0012465715408325195,-0.0010515451431274414,9.566545486450195e-05,-0.0006537437438964844,-0.0005301356315612793,0.0006582626334633323,5,TensorBoard
14,OFF,-0.0006293058395385742,-0.0020918846130371094,0.000213623046875,-0.00033211708068847656,-0.0005766153335571289,-0.0006832599639892579,0.0008553081296118012,5,TensorBoard
15,OFF,0.00024276971817016602,-0.0018610954284667969,0.0002619624137878418,0.0004795193672180176,0.0009046196937561035,5.555152893066406e-06,0.0010769585590226084,5,TensorBoard
16,OFF,-0.00038945674896240234,-0.001381516456604004,-0.0009430646896362305,-0.00019443035125732422,-0.00043714046478271484,-0.0006691217422485352,0.00048474496018799536,5,TensorBoard
17,OFF,0.0002865791320800781,-0.0006325244903564453,-0.002229452133178711,7.456541061401367e-05,-0.0005996227264404297,-0.0006200909614562988,0.0009868149593647815,5,TensorBoard
18,OFF,-0.0012955665588378906,-7.319450378417969e-05,-0.0004382133483886719,-0.0008872747421264648,5.9723854064941406e-05,-0.0005269050598144531,0.0005653670884785544,5,TensorBoard
19,OFF,0.00022459030151367188,-0.002644658088684082,-0.001543283462524414,5.322694778442383e-05,-0.0003802776336669922,-0.0008580803871154786,0.00121370460658206,5,TensorBoard
20,OFF,-0.0008490085601806641,0.007264852523803711,-4.220008850097656e-05,-0.0002105236053466797,-0.0006756782531738281,0.0010974884033203125,0.0034633486645317,5,TensorBoard
21,OFF,5.835294723510742e-05,0.000649571418762207,-8.821487426757812e-05,0.00036019086837768555,-0.000263214111328125,0.00014333724975585939,0.0003638066975719634,5,TensorBoard
22,OFF,-4.661083221435547e-05,0.0025581717491149902,0.00269317626953125,-0.0014380216598510742,0.0011264681816101074,0.0009786367416381836,0.0017569719110145045,5,TensorBoard
23,OFF,0.000840604305267334,-0.002160310745239258,-0.0033611059188842773,-0.0001367330551147461,-0.0009540319442749023,-0.00115431547164917,0.00165357513819329,5,TensorBoard
24,OFF,-0.00036132335662841797,-0.001018524169921875,0.0019147992134094238,-0.0011605024337768555,-0.0006313323974609375,-0.0002513766288757324,0.0012513789921117784,5,TensorBoard
25,OFF,-0.0038570165634155273,-0.001750349998474121,0.0022388696670532227,0.00025206804275512695,-0.0004712343215942383,-0.0007175326347351075,0.002272893197454972,5,TensorBoard
26,OFF,-1.4901161193847656e-05,-0.004571795463562012,-0.0055201053619384766,-0.004506707191467285,-0.0007702112197875977,-0.0030767440795898436,0.002497246653236665,5,TensorBoard
27,OFF,-0.0008732080459594727,0.0026727914810180664,0.001401364803314209,0.0002468228340148926,-0.0004773139953613281,0.0005940914154052735,0.001448633581756159,5,TensorBoard
28,OFF,-0.0017924308776855469,-0.005718111991882324,-7.164478302001953e-05,0.001817464828491211,0.0010012984275817871,-0.0009526848793029785,0.0029867407288523013,5,TensorBoard
29,OFF,-0.00016105175018310547,-0.004795670509338379,-0.002482891082763672,0.005011141300201416,-0.0005185604095458984,-0.0005894064903259278,0.003634301287867564,5,TensorBoard
30,OFF,-0.0037630796432495117,0.005684852600097656,-0.00390017032623291,0.0021008849143981934,-0.00025844573974609375,-2.7191638946533202e-05,0.004067138452207507,5,TensorBoard
31,OFF,-0.0023227930068969727,-0.00409388542175293,0.002338707447052002,0.009193778038024902,-0.0005913972854614258,0.0009048819541931152,0.005205911695582858,5,TensorBoard
32,OFF,-0.0023201704025268555,-0.0018017292022705078,-0.002994060516357422,-0.0004584789276123047,-0.0009489059448242188,-0.0017046689987182616,0.0010216360205472018,5,TensorBoard
33,OFF,-0.0028617382049560547,-0.00452733039855957,0.009697318077087402,0.0006612539291381836,-0.0035605430603027344,-0.00011820793151855469,0.005825999958104487,5,TensorBoard
34,OFF,-0.0008651018142700195,-0.004377126693725586,0.0010707378387451172,-0.010831117630004883,0.00018990039825439453,-0.002962541580200195,0.004861070534498633,5,TensorBoard
35,OFF,-7.152557373046875e-06,-0.005295157432556152,0.006396055221557617,-0.01684248447418213,0.0009701251983642578,-0.002955722808837891,0.008801664691153469,5,TensorBoard
36,OFF,-0.001817941665649414,0.0019842982292175293,-0.03103792667388916,-0.03299403190612793,-0.0002090930938720703,-0.012814939022064209,0.01759354849244655,5,TensorBoard
37,OFF,-0.0005880594253540039,-0.012699484825134277,-0.010814428329467773,0.010307013988494873,-0.0015360116958618164,-0.0030661940574645994,0.00922172337613008,5,TensorBoard
38,OFF,-0.005964159965515137,-0.009151339530944824,0.022076904773712158,0.0029181838035583496,0.0010057687759399414,0.0021770715713500975,0.012171042561142242,5,TensorBoard
39,OFF,0.0004101395606994629,-0.0014041662216186523,0.0032738447189331055,0.011309683322906494,-0.004019021987915039,0.0019140958786010743,0.005886438140383738,5,TensorBoard
40,OFF,-0.004646897315979004,-0.000592350959777832,0.021320343017578125,-0.006545066833496094,0.0016101598739624023,0.0022292375564575196,0.011147696790941174,5,TensorBoard
41,OFF,0.0008545517921447754,-0.00993812084197998,0.02644360065460205,0.019904911518096924,0.00011867284774780273,0.007476723194122315,0.015128393482089829,5,TensorBoard
42,OFF,-0.005358099937438965,-0.000895380973815918,0.0006362795829772949,-0.021388888359069824,-0.0041964054107666016,-0.0062404990196228026,0.008807539629122693,5,TensorBoard
43,OFF,0.0008302927017211914,-0.0004994869232177734,0.023090362548828125,-0.0033501386642456055,-0.00044333934783935547,0.003925538063049317,0.010822135293209153,5,TensorBoard
44,OFF,0.0031465888023376465,-0.008223533630371094,0.022744417190551758,0.007262051105499268,-0.0015643835067749023,0.004673027992248535,0.011627927252225221,5,TensorBoard
45,OFF,0.006589055061340332,0.011411309242248535,-0.012100934982299805,-0.027654170989990234,-0.0012172460556030273,-0.00459439754486084,0.015658533374583894,5,TensorBoard
46,OFF,-0.006882071495056152,0.0005041360855102539,-0.039464712142944336,0.021079719066619873,-0.003117084503173828,-0.005576002597808838,0.021815661304753778,5,TensorBoard
47,OFF,-0.01044607162475586,0.013650298118591309,-0.02828800678253174,-0.05122637748718262,-0.0021611452102661133,-0.015694260597229004,0.02496460293823547,5,TensorBoard
48,OFF,-0.015410780906677246,-0.010394692420959473,0.07997024059295654,0.01537543535232544,-0.0007127523422241211,0.013765490055084229,0.03882734096312508,5,TensorBoard
49,OFF,-0.015012741088867188,-0.009347319602966309,0.03075772523880005,0.037191152572631836,-0.0012618303298950195,0.008465397357940673,0.023902153270939603,5,TensorBoard
50,OFF,0.013292491436004639,-0.017839789390563965,0.07399731874465942,-0.01042795181274414,-0.004646420478820801,0.010875129699707031,0.03711314042162941,5,TensorBoard
51,OFF,-0.0382380485534668,0.009340822696685791,0.14470672607421875,0.09921824932098389,-0.0017224550247192383,0.04266105890274048,0.07621816386706129,5,TensorBoard
52,OFF,-0.03846776485443115,-0.0040242671966552734,-0.08678197860717773,0.08807373046875,-0.0023549795150756836,-0.00871105194091797,0.06405113439267515,5,TensorBoard
53,OFF,0.033096373081207275,-0.00687718391418457,-0.012527704238891602,-0.0009856224060058594,-0.0029681921005249023,0.0019475340843200684,0.017961250750170632,5,TensorBoard
54,OFF,0.009342372417449951,-0.037252068519592285,-0.11990618705749512,0.09146547317504883,-0.001892685890197754,-0.011648619174957275,0.07671954383604017,5,TensorBoard
55,OFF,-0.03443276882171631,-0.016089320182800293,-0.03982985019683838,-0.05301249027252197,-0.004759788513183594,-0.02962484359741211,0.01920756153254386,5,TensorBoard
56,OFF,-0.03619968891143799,-0.008804798126220703,0.017168819904327393,-0.01999044418334961,0.0021315813064575195,-0.009138906002044677,0.020428373694314415,5,TensorBoard
57,OFF,0.0016379952430725098,-0.002010822296142578,-0.08513009548187256,0.03685086965560913,0.0008940696716308594,-0.009551596641540528,0.045156617882694434,5,TensorBoard
58,OFF,-0.04581129550933838,0.01450812816619873,0.0945960283279419,0.023533880710601807,-0.014382004737854004,0.01448894739151001,0.05236555827440955,5,TensorBoard
59,OFF,0.037607550621032715,-0.04371321201324463,0.20509660243988037,0.07153874635696411,-0.003710627555847168,0.05336381196975708,0.09524031177510532,5,TensorBoard
60,OFF,0.0017530322074890137,0.003841102123260498,-0.15777146816253662,-0.18536722660064697,-0.0050286054611206055,-0.06851463317871094,0.0946370489370267,5,TensorBoard
61,OFF,0.06970721483230591,-0.059569597244262695,-0.1816498041152954,0.010402679443359375,-0.013995051383972168,-0.035020911693573,0.09430805900643147,5,TensorBoard
62,OFF,-0.11799156665802002,-0.11409425735473633,-0.029282093048095703,0.025385260581970215,0.02443063259124756,-0.04231040477752686,0.07086495226565163,5,TensorBoard
63,OFF,-0.055531978607177734,0.006831228733062744,0.1953181028366089,0.08244657516479492,0.03418755531311035,0.052650296688079835,0.09405528376665051,5,TensorBoard
64,OFF,-0.06150162220001221,0.04703313112258911,0.1528846025466919,-0.026644110679626465,0.02112710475921631,0.02657982110977173,0.08214635626515245,5,TensorBoard
65,OFF,-0.03769958019256592,-0.050202250480651855,-0.1987696886062622,0.17868155241012573,-0.014025211334228516,-0.024403035640716553,0.1347193159785375,5,TensorBoard
66,OFF,0.0593341588973999,-0.2030808925628662,-0.07455790042877197,-0.053723812103271484,0.012982726097106934,-0.051809144020080564,0.09994390175980206,5,TensorBoard
67,OFF,0.09001189470291138,-0.07291054725646973,0.25527411699295044,0.1912750005722046,0.004996955394744873,0.09372948408126831,0.1334803153766378,5,TensorBoard
68,OFF,0.06459617614746094,0.1835322380065918,0.041437506675720215,-0.05867660045623779,-0.008653044700622559,0.04444725513458252,0.09112332508581569,5,TensorBoard
69,OFF,0.15650057792663574,-0.06762564182281494,0.05120038986206055,0.10879230499267578,-0.017691850662231445,0.046235156059265134,0.091032215687218,5,TensorBoard
70,OFF,0.03879827260971069,0.07499450445175171,-0.3194957971572876,0.1364484429359436,-0.008509516716003418,-0.015552818775177002,0.17796641863828397,5,TensorBoard
71,OFF,0.15387839078903198,-0.18783879280090332,-0.0848151445388794,0.0595250129699707,-0.004281163215637207,-0.012706339359283447,0.1312534572914762,5,TensorBoard
72,OFF,-0.08346700668334961,0.15490764379501343,0.09266543388366699,0.12257832288742065,0.09195047616958618,0.07572697401046753,0.09267883293051009,5,TensorBoard
73,OFF,0.0535925030708313,-0.010353803634643555,-0.19088995456695557,-0.13110923767089844,0.02957385778427124,-0.049837327003479,0.10614115818369672,5,TensorBoard
74,OFF,-0.0570375919342041,0.12739014625549316,0.026022911071777344,-0.03704071044921875,0.02154630422592163,0.016176211833953857,0.07191424835731867,5,TensorBoard
75,OFF,-0.005835175514221191,0.18819564580917358,0.16958868503570557,0.14209353923797607,0.050834834575653076,0.10897550582885743,0.08307891190486458,5,TensorBoard
76,OFF,-0.0765080451965332,0.24082839488983154,-0.04282975196838379,-0.1255711317062378,0.1009177565574646,0.01936744451522827,0.1498025346831667,5,TensorBoard
77,OFF,-0.025300145149230957,0.10414296388626099,-0.41633880138397217,0.21699821949005127,-0.005389213562011719,-0.025177395343780516,0.23915037973658654,5,TensorBoard
78,OFF,0.07747066020965576,0.07043182849884033,0.4399259686470032,0.06253129243850708,-0.12871122360229492,0.10432970523834229,0.206488806106195,5,TensorBoard
79,OFF,-0.10409581661224365,0.01953577995300293,0.13361650705337524,0.09051412343978882,-0.009450197219848633,0.02602407932281494,0.09215042856418687,5,TensorBoard
80,OFF,0.019287109375,0.21066385507583618,-0.03284406661987305,-0.17877566814422607,-0.10206210613250732,-0.016746175289154053,0.1473136333050416,5,TensorBoard
81,OFF,0.17461329698562622,-0.09654474258422852,0.042340636253356934,-0.05332684516906738,-0.048065781593322754,0.0038033127784729004,0.10803375180770215,5,TensorBoard
82,OFF,-0.021301984786987305,0.3132786750793457,0.18205922842025757,-0.07316994667053223,-0.10866904258728027,0.05843938589096069,0.18154190856683505,5,TensorBoard
83,OFF,-0.08565127849578857,0.3610975742340088,-0.07404959201812744,0.0674939751625061,-0.03482961654663086,0.0468122124671936,0.18575694091699085,5,TensorBoard
84,OFF,-0.1970146894454956,0.15952402353286743,-0.013188481330871582,0.09230613708496094,0.26957589387893677,0.06224057674407959,0.17766455507376236,5,TensorBoard
85,OFF,0.17601335048675537,0.08299952745437622,-0.04866671562194824,-0.12225520610809326,-0.030286192893981934,0.011560952663421631,0.11772147327990462,5,TensorBoard
86,OFF,0.34706562757492065,0.5310009717941284,0.17227017879486084,0.24701863527297974,-0.14379119873046875,0.2307128429412842,0.24882003130099767,5,TensorBoard
87,OFF,-0.12053942680358887,-0.031104445457458496,0.04874885082244873,-0.012935400009155273,0.1974814534187317,0.016330206394195558,0.11801118719347073,5,TensorBoard
88,OFF,0.25430089235305786,0.35179752111434937,-0.4148380756378174,0.02041715383529663,-0.06951963901519775,0.028431570529937743,0.3007196111322778,5,TensorBoard
89,OFF,0.28477734327316284,0.21460652351379395,0.09593188762664795,-0.15715241432189941,-0.03368020057678223,0.08089662790298462,0.17990757171929542,5,TensorBoard
90,OFF,-0.008504509925842285,0.36483776569366455,0.19756418466567993,0.0497627854347229,-0.15007269382476807,0.0907175064086914,0.1975223705235871,5,TensorBoard
91,OFF,0.22195875644683838,-0.1478806734085083,0.038886308670043945,0.21724694967269897,-0.4073493480682373,-0.015427601337432862,0.2667331073525272,5,TensorBoard
92,OFF,0.08082795143127441,0.31435471773147583,0.12399733066558838,0.3745282292366028,-0.4644584655761719,0.0858499526977539,0.331613243536144,5,TensorBoard
93,OFF,-0.404934287071228,-0.09292137622833252,-0.2487396001815796,0.10561877489089966,-0.12709581851959229,-0.15361446142196655,0.1896043292025254,5,TensorBoard
94,OFF,-0.22100985050201416,-0.32622814178466797,-0.13388526439666748,-0.12494540214538574,0.10171931982040405,-0.14086986780166627,0.15806011024565053,5,TensorBoard
95,OFF,0.03381747007369995,0.03633624315261841,-0.3124735355377197,0.06803113222122192,-0.3019911050796509,-0.09525595903396607,0.19401161569684522,5,TensorBoard
96,OFF,0.23722559213638306,0.37265545129776,-0.10452258586883545,0.03285408020019531,0.008798003196716309,0.10940210819244385,0.19195424387363594,5,TensorBoard
97,OFF,-0.0665438175201416,-0.2210390567779541,-0.04989027976989746,-0.23956751823425293,-0.12342691421508789,-0.1400935173034668,0.08699312513103288,5,TensorBoard
98,OFF,-0.3324241638183594,-0.12328827381134033,-0.023989200592041016,0.04758387804031372,0.3799668550491333,-0.01043018102645874,0.2609484613380685,5,TensorBoard
99,OFF,-0.006048917770385742,-0.0021696090698242188,0.24051308631896973,-0.29228973388671875,0.36406952142715454,0.06081486940383911,0.2536609472135596,5,TensorBoard
100,OFF,-0.17147159576416016,0.05267208814620972,0.02376765012741089,0.15893977880477905,0.12343627214431763,0.03746883869171143,0.12866677447872793,5,TensorBoard
101,OFF,0.2848742604255676,-0.06866121292114258,-0.06572902202606201,-0.2090921401977539,0.06187725067138672,0.0006538271903991699,0.18556278623586642,5,TensorBoard
102,OFF,-0.15698492527008057,-0.4103149175643921,0.031538963317871094,-0.22699236869812012,0.05967056751251221,-0.1406165361404419,0.19379007033311862,5,TensorBoard
103,OFF,-0.07563555240631104,0.31639087200164795,0.0804491639137268,0.09771943092346191,-0.19772553443908691,0.04423967599868774,0.1943931056744761,5,TensorBoard
104,OFF,-0.3465951681137085,-0.8580985069274902,0.11147844791412354,0.15717899799346924,0.4651981592178345,-0.09416761398315429,0.5161553956014097,5,TensorBoard
105,OFF,-0.11332595348358154,0.26238709688186646,0.13865327835083008,0.21346217393875122,0.37081462144851685,0.1743982434272766,0.1815973145248547,5,TensorBoard
106,OFF,-0.09805607795715332,-0.35706639289855957,-0.014820456504821777,0.002375364303588867,0.16023272275924683,-0.061466968059539794,0.18981588202729058,5,TensorBoard
107,OFF,0.3937770128250122,-0.20515310764312744,0.12000244855880737,0.09072917699813843,0.24942433834075928,0.12975597381591797,0.2223791477837068,5,TensorBoard
108,OFF,-0.07243919372558594,0.21259480714797974,0.05101901292800903,0.29623496532440186,0.3193663954734802,0.16135519742965698,0.1677941291022298,5,TensorBoard
109,OFF,-0.35061752796173096,0.3353753089904785,-0.03737461566925049,-0.13525891304016113,0.5691646337509155,0.07625777721405029,0.370800897259014,5,TensorBoard
110,OFF,0.38252222537994385,-0.019173145294189453,0.003158748149871826,-0.05099165439605713,0.7019387483596802,0.20349098443984986,0.3297635863862459,5,TensorBoard
111,OFF,-0.10302376747131348,-0.012383103370666504,0.07740271091461182,-0.24664390087127686,-1.4103949069976807,-0.33900859355926516,0.6107723169391448,5,TensorBoard
112,OFF,-0.0401228666305542,-0.25906074047088623,0.053721725940704346,-0.13490724563598633,0.7211897373199463,0.06816412210464477,0.38297885057377584,5,TensorBoard
113,OFF,0.15054863691329956,0.6664876937866211,-0.03298044204711914,0.09235209226608276,0.5026324987411499,0.27580809593200684,0.2952864103000612,5,TensorBoard
114,OFF,-0.36913108825683594,0.22500920295715332,-0.0015025138854980469,0.038780272006988525,0.590717077255249,0.09677459001541137,0.35018321196758223,5,TensorBoard
115,OFF,-0.03458428382873535,0.2810255289077759,0.04407060146331787,-0.014820098876953125,0.4286445379257202,0.1408672571182251,0.2042372964736096,5,TensorBoard
116,OFF,0.3139253854751587,-0.9709820747375488,0.16579413414001465,0.10338062047958374,0.6713589429855347,0.056695401668548584,0.6152604270120513,5,TensorBoard
117,OFF,0.03153914213180542,0.3859679698944092,0.0019465088844299316,0.2792624831199646,0.5596937537193298,0.2516819715499878,0.23690469527954536,5,TensorBoard
118,OFF,-0.007325649261474609,-0.16169965267181396,-0.018965840339660645,0.20370769500732422,0.27689987421035767,0.058523285388946536,0.1786096558072977,5,TensorBoard
119,OFF,-0.037007927894592285,-0.8466000556945801,0.0037363767623901367,-0.25074291229248047,0.6822669506072998,-0.08966951370239258,0.5491521403623517,5,TensorBoard
120,OFF,-0.12125170230865479,-0.23843610286712646,-0.04846334457397461,0.08760005235671997,0.026599764823913574,-0.05879026651382446,0.1274777291414665,5,TensorBoard
121,OFF,0.25464779138565063,0.42976653575897217,0.05264246463775635,-0.07331562042236328,0.3688850402832031,0.2065252423286438,0.21242879780477408,5,TensorBoard
122,OFF,-0.024420738220214844,-0.06006443500518799,-0.020846128463745117,0.055471062660217285,0.3045366406440735,0.05093528032302856,0.14789038192115764,5,TensorBoard
123,OFF,0.10565346479415894,0.07517898082733154,0.060198843479156494,0.0005918145179748535,0.5780487060546875,0.16393436193466188,0.2346309422469538,5,TensorBoard
124,OFF,-0.10238504409790039,0.47526270151138306,0.02135998010635376,0.12454050779342651,0.42999887466430664,0.1897554039955139,0.2535682280075138,5,TensorBoard
125,OFF,-0.245924711227417,0.2662966847419739,-0.038739681243896484,0.014101624488830566,0.6042739748954773,0.12000157833099365,0.32643439208334396,5,TensorBoard
126,OFF,0.17562854290008545,-0.32040655612945557,-0.06250274181365967,-0.047119736671447754,0.6483806371688843,0.07879602909088135,0.36365711469158346,5,TensorBoard
127,OFF,0.1137157678604126,0.48482412099838257,-0.03226161003112793,-0.05135035514831543,0.3890067934989929,0.18078694343566895,0.24472947586156513,5,TensorBoard
128,OFF,-0.1732410192489624,-0.4415457248687744,0.03837025165557861,0.057444632053375244,0.196557879447937,-0.06448279619216919,0.24879312933310505,5,TensorBoard
129,OFF,0.322364866733551,0.14910656213760376,-0.03346967697143555,0.10866647958755493,0.5209414958953857,0.21352194547653197,0.21360151765873917,5,TensorBoard
130,OFF,0.2055293321609497,-0.03601634502410889,0.024122297763824463,-0.013685464859008789,-0.011489033699035645,0.03369215726852417,0.09844395775457497,5,TensorBoard
131,OFF,-0.0764310359954834,-0.33244216442108154,-0.05278134346008301,0.019378483295440674,0.5905066132545471,0.02964611053466797,0.34052330783985474,5,TensorBoard
132,OFF,-0.002304673194885254,-0.39252007007598877,0.009566724300384521,0.08282268047332764,-1.3368024826049805,-0.3278475642204285,0.5938537669784794,5,TensorBoard
133,OFF,-0.227655291557312,-0.14170026779174805,-0.022541046142578125,-0.14162826538085938,-1.4077863693237305,-0.3882622480392456,0.5745861896559858,5,TensorBoard
134,OFF,0.06649160385131836,-0.0010411739349365234,0.0416225790977478,0.23043352365493774,0.7664057612419128,0.22078245878219604,0.3173750091279628,5,TensorBoard
135,OFF,-0.27615952491760254,-0.6846368312835693,-0.031003117561340332,0.0026894807815551758,0.10519152879714966,-0.17678369283676149,0.31652921982961885,5,TensorBoard
136,OFF,-0.2204684019088745,-0.15787065029144287,-0.07678365707397461,0.10010850429534912,0.7470065355300903,0.07839846611022949,0.39266209002528046,5,TensorBoard
137,OFF,-0.014993906021118164,0.41388458013534546,-0.01634669303894043,0.06465619802474976,0.5266259908676147,0.19476523399353027,0.25672960172252746,5,TensorBoard
138,OFF,-0.07449173927307129,0.3289288282394409,0.03277462720870972,0.029953479766845703,0.8863444328308105,0.24070192575454713,0.3910351482623222,5,TensorBoard
139,OFF,0.07259678840637207,-0.33832716941833496,0.022590577602386475,-0.09541022777557373,-0.29366791248321533,-0.1264435887336731,0.1841534347881792,5,TensorBoard
140,OFF,0.00885683298110962,-0.02218329906463623,0.08911824226379395,0.12456130981445312,0.8306154012680054,0.20619369745254518,0.35403773235792885,5,TensorBoard
141,OFF,-0.270138144493103,0.19836002588272095,-0.00038695335388183594,0.034475862979888916,-0.14131128787994385,-0.03580009937286377,0.17823488459490067,5,TensorBoard
142,OFF,0.1806114912033081,-0.011075854301452637,0.07009011507034302,-0.09827005863189697,-0.29682719707489014,-0.031094300746917724,0.1806826784627658,5,TensorBoard
143,OFF,0.12104052305221558,0.33025580644607544,0.0678415298461914,-0.11483800411224365,0.8636685013771057,0.2535936713218689,0.37612646672060723,5,TensorBoard
144,OFF,0.07736039161682129,-0.5126972198486328,0.0063898563385009766,0.01535409688949585,-0.2632482051849365,-0.13536821603775023,0.24839308361638177,5,TensorBoard
145,OFF,0.0009500384330749512,-0.28629040718078613,0.015019893646240234,0.18538635969161987,0.4935871958732605,0.08173061609268188,0.2858258435119196,5,TensorBoard
146,OFF,0.03206181526184082,-0.08750295639038086,-0.007341504096984863,-0.02332460880279541,0.5586079359054565,0.09450013637542724,0.2629991015264281,5,TensorBoard
147,OFF,-0.15375161170959473,-0.16876184940338135,-0.09116172790527344,0.1110008955001831,0.800675094127655,0.09960016012191772,0.4075019712310102,5,TensorBoard
148,OFF,0.05801355838775635,0.0684586763381958,0.13508272171020508,0.12521010637283325,0.8201402425765991,0.24138106107711793,0.3253010182989544,5,TensorBoard
149,OFF,0.05287748575210571,0.08471989631652832,0.09448951482772827,-0.16055762767791748,0.5191391110420227,0.1181336760520935,0.2471882375209652,5,TensorBoard
150,OFF,-0.21474409103393555,-0.025457382202148438,0.05754202604293823,0.11749845743179321,0.401827871799469,0.0673333764076233,0.22509819849634052,5,TensorBoard
151,OFF,0.047473013401031494,0.07369011640548706,0.04213041067123413,-0.0121612548828125,-0.26700007915496826,-0.023173558712005615,0.1398309345537905,5,TensorBoard
152,OFF,0.19437390565872192,0.10028326511383057,0.06767517328262329,0.0794488787651062,-0.05425858497619629,0.07750452756881714,0.08893710833234014,5,TensorBoard
153,OFF,0.0782853364944458,-0.29962027072906494,0.022627592086791992,0.10311782360076904,0.7412136793136597,0.12912483215332032,0.3785095114452837,5,TensorBoard
154,OFF,-0.037747859954833984,-0.11472594738006592,0.007395565509796143,-0.08715260028839111,0.19032102823257446,-0.008381962776184082,0.12052802718378296,5,TensorBoard
155,OFF,-0.012464165687561035,0.2518036961555481,0.09339898824691772,-0.07420063018798828,0.20397257804870605,0.09250209331512452,0.13839363027896234,5,TensorBoard
156,OFF,-0.0467911958694458,-0.4055655002593994,0.052319228649139404,0.027792513370513916,-2.2525553703308105,-0.5249600648880005,0.9831420121563755,5,TensorBoard
157,OFF,-0.09610748291015625,0.08100175857543945,-0.07923102378845215,-0.008460044860839844,0.874598503112793,0.15436034202575682,0.4086361542830151,5,TensorBoard
158,OFF,-0.0007864236831665039,-0.04844307899475098,0.07282471656799316,0.01694697141647339,0.18703001737594604,0.04551444053649902,0.09022249644766346,5,TensorBoard
159,OFF,0.05535095930099487,-0.02044045925140381,0.031622469425201416,0.04008746147155762,0.8507927656173706,0.19148263931274415,0.36966500052267315,5,TensorBoard
160,OFF,0.07743072509765625,0.3354286551475525,0.05859875679016113,-0.02149200439453125,0.3560418486595154,0.1612015962600708,0.17265546997300896,5,TensorBoard
161,OFF,0.0018545985221862793,-0.2953680753707886,0.10571342706680298,-0.04728734493255615,-0.5779258012771606,-0.16260263919830323,0.2749805909275605,5,TensorBoard
162,OFF,-0.00801396369934082,-0.34466850757598877,0.22761189937591553,-0.005996584892272949,0.05682402849197388,-0.014848625659942627,0.20786431950362902,5,TensorBoard
163,OFF,0.041603803634643555,0.21384912729263306,-0.12338697910308838,-0.004114985466003418,-0.4368668794631958,-0.0617831826210022,0.24211075334248996,5,TensorBoard
164,OFF,0.04321092367172241,-0.22776484489440918,0.07968634366989136,-0.0710984468460083,-0.6014484167098999,-0.15548288822174072,0.27659287152767614,5,TensorBoard
165,OFF,0.0893239974975586,-0.06427311897277832,0.15347087383270264,-0.026668906211853027,0.7645857930183411,0.18328772783279418,0.3365240812482392,5,TensorBoard
166,OFF,0.005747854709625244,0.08609086275100708,0.07669901847839355,0.041739702224731445,-0.8886253833770752,-0.13566958904266357,0.42210588176645963,5,TensorBoard
167,OFF,-0.0015294551849365234,-0.25362205505371094,0.04130101203918457,0.048633038997650146,0.9044287800788879,0.14784226417541504,0.4407669948433235,5,TensorBoard
168,OFF,0.03951960802078247,0.17362433671951294,-0.055564284324645996,0.014038920402526855,0.47728627920150757,0.12978097200393676,0.2112926758909144,5,TensorBoard
169,OFF,0.10701966285705566,0.18015873432159424,0.09603655338287354,0.07397663593292236,0.7888948917388916,0.24921729564666747,0.3043085555832005,5,TensorBoard
170,OFF,0.028337955474853516,0.13315421342849731,0.01021432876586914,-0.04730653762817383,0.39257436990737915,0.10339486598968506,0.17431112244476166,5,TensorBoard
171,OFF,-0.08374524116516113,0.19007647037506104,0.13387972116470337,0.019470274448394775,0.8823341727256775,0.2284030795097351,0.3804993298437399,5,TensorBoard
172,OFF,-0.0632472038269043,-0.08380484580993652,0.055726587772369385,0.022585272789001465,-0.9235162734985352,-0.19845129251480104,0.4094529087750812,5,TensorBoard
173,OFF,-0.0033577680587768555,0.17581230401992798,0.06309366226196289,-0.011232137680053711,-0.2716975212097168,-0.009476292133331298,0.1646198305597975,5,TensorBoard
174,OFF,-0.013497471809387207,-0.23201048374176025,0.13423478603363037,0.029082059860229492,0.7573560476303101,0.1350329875946045,0.372590403287283,5,TensorBoard
175,OFF,0.0935359001159668,-0.08574485778808594,0.003961920738220215,0.017391502857208252,0.5097185373306274,0.10777260065078735,0.23353673505386427,5,TensorBoard
176,OFF,-0.03139996528625488,-0.48060131072998047,0.09758174419403076,-0.07295823097229004,-0.26362597942352295,-0.1502007484436035,0.22555820247988484,5,TensorBoard
177,OFF,0.04707270860671997,0.1269243359565735,0.13186049461364746,-0.012119293212890625,-0.4417761564254761,-0.029607582092285156,0.23803509303285292,5,TensorBoard
178,OFF,-0.06454586982727051,0.28030622005462646,0.12826305627822876,0.014357328414916992,0.4776429533958435,0.16720473766326904,0.21665119445874761,5,TensorBoard
179,OFF,0.021372437477111816,-0.049143075942993164,-0.08920800685882568,0.006596863269805908,-0.6633287668228149,-0.1547421097755432,0.2877294129452712,5,TensorBoard
180,OFF,-0.032027482986450195,-0.10543167591094971,0.1754748821258545,0.043326735496520996,0.2688637375831604,0.0700412392616272,0.15212582918292583,5,TensorBoard
181,OFF,0.0397639274597168,-0.27531206607818604,0.1638086438179016,-0.014265775680541992,0.924375057220459,0.16767395734786988,0.4523027620820868,5,TensorBoard
182,OFF,-0.0345768928527832,0.027172505855560303,0.19131499528884888,0.016783714294433594,0.16538327932357788,0.0732155203819275,0.0992044530723686,5,TensorBoard
183,OFF,-0.030027270317077637,0.057656049728393555,0.19014668464660645,0.042155921459198,0.39242756366729736,0.13047178983688354,0.16661609574017683,5,TensorBoard
184,OFF,0.009682118892669678,-0.12838125228881836,-0.06183147430419922,0.008958101272583008,-0.3871396780014038,-0.11174243688583374,0.1642590465055469,5,TensorBoard
185,OFF,0.028239309787750244,0.07232457399368286,0.1770153045654297,-0.05020403861999512,0.7355220317840576,0.19257943630218505,0.3144207487476842,5,TensorBoard
186,OFF,-0.029873967170715332,0.03931534290313721,-0.1665351390838623,-0.01104724407196045,0.8058194518089294,0.1275356888771057,0.3867532719577913,5,TensorBoard
187,OFF,-0.0246737003326416,-0.06024789810180664,0.030824482440948486,0.029631316661834717,-0.16177308559417725,-0.03724777698516846,0.07953035761524292,5,TensorBoard
188,OFF,0.02367764711380005,-0.015430331230163574,0.1905500292778015,0.019627928733825684,0.6737637519836426,0.17843780517578126,0.2882059321241473,5,TensorBoard
189,OFF,0.03805428743362427,0.026503443717956543,0.06491023302078247,0.0009768009185791016,-1.781723976135254,-0.3302558422088623,0.8117204836613452,5,TensorBoard
190,OFF,-0.009464144706726074,-0.1591404676437378,-0.0898963212966919,0.02244746685028076,0.792845606803894,0.1113584280014038,0.3874923078659387,5,TensorBoard
191,OFF,0.09442275762557983,0.11056190729141235,0.09815937280654907,0.015892088413238525,0.32934993505477905,0.12967721223831177,0.11770502994406136,5,TensorBoard
192,OFF,0.01971060037612915,-0.0741431713104248,-0.3885324001312256,-0.02470564842224121,0.4162566065788269,-0.010282802581787109,0.28731271944115566,5,TensorBoard
193,OFF,-0.07486546039581299,-0.19209814071655273,-0.06996142864227295,-0.0009641647338867188,0.03361111879348755,-0.06085561513900757,0.08662381568476182,5,TensorBoard
194,OFF,0.03020089864730835,-0.2687033414840698,0.154374361038208,0.02096456289291382,0.7832352519035339,0.14401434659957885,0.3895963731668102,5,TensorBoard
195,OFF,-0.022119879722595215,-0.2844736576080322,0.12090921401977539,-0.023250699043273926,0.2069677710533142,-0.0003934502601623535,0.1866876189199191,5,TensorBoard
196,OFF,-0.011212944984436035,0.28074830770492554,-0.11288905143737793,0.014471173286437988,0.8357653021812439,0.2013765573501587,0.38328832042087385,5,TensorBoard
197,OFF,-0.026890158653259277,-0.10446357727050781,0.4083288908004761,-0.0025489330291748047,-0.2380228042602539,0.007280683517456055,0.24226251944739177,5,TensorBoard
198,OFF,-0.011438488960266113,0.008658766746520996,0.03253531455993652,0.007378578186035156,0.3674260377883911,0.08091204166412354,0.16092459740078438,5,TensorBoard
199,OFF,0.03115302324295044,-0.12425005435943604,-0.15030038356781006,-0.04021096229553223,0.4071957468986511,0.02471747398376465,0.22548243964138429,5,TensorBoard
200,OFF,-0.0034378767013549805,0.09267324209213257,-0.05906796455383301,0.012680292129516602,0.7476400136947632,0.15809754133224488,0.3340065082607317,5,TensorBoard
1,REAL,0.00018769502639770508,0.00033473968505859375,1.4901161193847656e-06,0.00035518407821655273,0.0007203817367553711,0.0003198981285095215,0.00026491216142495534,5,TensorBoard
2,REAL,0.0001156926155090332,-0.0005195140838623047,-0.0006841421127319336,-0.00019812583923339844,-0.0002295970916748047,-0.00030313730239868165,0.00030977316183686845,5,TensorBoard
3,REAL,-0.00018012523651123047,-6.520748138427734e-05,0.00020998716354370117,-0.0002599954605102539,4.273653030395508e-05,-5.0520896911621095e-05,0.00018537392662833097,5,TensorBoard
4,REAL,0.0002484321594238281,0.0009421110153198242,-0.0004010200500488281,0.0010654330253601074,0.0011641979217529297,0.0006038308143615723,0.0006666248671935242,5,TensorBoard
5,REAL,-0.00025856494903564453,0.0001156926155090332,-0.0001533031463623047,0.0010266900062561035,-4.887580871582031e-05,0.00013632774353027343,0.0005165504365938557,5,TensorBoard
6,REAL,-0.0003846883773803711,0.0011628270149230957,0.00031745433807373047,0.000659942626953125,0.0006676316261291504,0.0004846334457397461,0.0005718036040718174,5,TensorBoard
7,REAL,-0.00012242794036865234,0.0004227161407470703,-0.000946044921875,8.684396743774414e-05,-5.7697296142578125e-05,-0.0001233220100402832,0.0005058428096496717,5,TensorBoard
8,REAL,0.0005082488059997559,0.0022386908531188965,0.00016826391220092773,6.29425048828125e-05,-4.76837158203125e-06,0.0005946755409240723,0.0009399675300521462,5,TensorBoard
9,REAL,-0.0005763769149780273,0.00034308433532714844,0.0003440976142883301,0.0008791685104370117,0.00010842084884643555,0.00021967887878417968,0.0005271903543110931,5,TensorBoard
10,REAL,-0.0008484125137329102,0.0004151463508605957,-0.00011718273162841797,0.0009470582008361816,8.088350296020508e-05,9.549856185913086e-05,0.0006640300405327551,5,TensorBoard
11,REAL,-0.00018012523651123047,0.00039082765579223633,-0.0003763437271118164,0.0002440810203552246,-0.00011205673217773438,-6.723403930664062e-06,0.00031572622365691315,5,TensorBoard
12,REAL,-0.00014030933380126953,0.0009568929672241211,-0.0002530813217163086,-0.0008938312530517578,-0.00016450881958007812,-9.89675521850586e-05,0.0006664093325428088,5,TensorBoard
13,REAL,-0.0003427267074584961,0.0005948543548583984,-0.0013288259506225586,0.000499427318572998,-0.0005924701690673828,-0.0002339482307434082,0.0008006062360766344,5,TensorBoard
14,REAL,-0.0016387701034545898,0.0008935332298278809,-0.0008050203323364258,-0.001209259033203125,2.4318695068359375e-05,-0.00054703950881958,0.0010122579349557612,5,TensorBoard
15,REAL,-0.0002033710479736328,0.00047391653060913086,0.0007407665252685547,0.0006683468818664551,0.0016806721687316895,0.0006720662117004394,0.0006759573275732595,5,TensorBoard
16,REAL,-0.001242995262145996,0.00027495622634887695,-0.0007028579711914062,0.00020176172256469727,-8.106231689453125e-05,-0.0003100395202636719,0.0006483255060304686,5,TensorBoard
17,REAL,-1.6808509826660156e-05,0.0011427998542785645,-0.0006555318832397461,-0.0001493692398071289,-0.0007188320159912109,-7.954835891723632e-05,0.0007488970244412729,5,TensorBoard
18,REAL,-0.001114487648010254,-2.574920654296875e-05,0.00011968612670898438,0.0008518099784851074,-0.0012018680572509766,-0.0002741217613220215,0.0008734162630823888,5,TensorBoard
19,REAL,-0.00010132789611816406,0.001083970069885254,-0.0009011030197143555,0.0002675652503967285,-0.0011112689971923828,-0.000152432918548584,0.0008926892069936403,5,TensorBoard
20,REAL,-0.0012602806091308594,-0.000513911247253418,0.0005672574043273926,0.0009610652923583984,-4.124641418457031e-05,-5.742311477661133e-05,0.0008779313240332133,5,TensorBoard
21,REAL,-0.00030684471130371094,8.082389831542969e-05,-0.000896453857421875,-0.00028383731842041016,-0.001440286636352539,-0.0005693197250366211,0.0005997249722759281,5,TensorBoard
22,REAL,-0.0018630027770996094,-0.0003387928009033203,0.0020095109939575195,0.0006690621376037598,-0.0011556148529052734,-0.00013576745986938478,0.001525993132413624,5,TensorBoard
23,REAL,0.001652359962463379,0.00028020143508911133,-0.0018230676651000977,6.258487701416016e-06,-0.0011010169982910156,-0.0001970529556274414,0.001337021901830521,5,TensorBoard
24,REAL,-0.0011456012725830078,-0.0005598068237304688,-0.0008795261383056641,-0.001249551773071289,-0.0016345977783203125,-0.0010938167572021485,0.0004032574309284524,5,TensorBoard
25,REAL,-0.0063707828521728516,-4.649162292480469e-05,0.001743018627166748,0.00036895275115966797,-0.000469207763671875,-0.0009549021720886231,0.0031394362878537797,5,TensorBoard
26,REAL,9.47713851928711e-06,9.739398956298828e-05,-0.005120754241943359,0.0029993057250976562,-0.003573179244995117,-0.001117551326751709,0.003230732862741183,5,TensorBoard
27,REAL,-0.0011677742004394531,-2.47955322265625e-05,0.000558316707611084,0.0003954172134399414,-0.002317070960998535,-0.0005111813545227051,0.0012139470409121055,5,TensorBoard
28,REAL,-0.002505779266357422,-0.0002715587615966797,0.0021129250526428223,0.01064455509185791,-0.0007888078689575195,0.0018382668495178223,0.0051925372429655935,5,TensorBoard
29,REAL,0.0003007650375366211,9.018182754516602e-05,-0.0013995170593261719,0.001046299934387207,-0.0051119327545166016,-0.001014840602874756,0.0024563353375685057,5,TensorBoard
30,REAL,-0.006144404411315918,-0.0005952119827270508,-0.0005104541778564453,0.00751727819442749,-0.002709507942199707,-0.0004884600639343262,0.005025596604206215,5,TensorBoard
31,REAL,-0.002423405647277832,-7.784366607666016e-05,0.0003720521926879883,-0.0015376806259155273,-0.009414196014404297,-0.002616214752197266,0.003961881735948178,5,TensorBoard
32,REAL,-0.002763509750366211,-0.0008929967880249023,-0.0026482343673706055,-0.013800978660583496,0.005400598049163818,-0.002941024303436279,0.006925188195634353,5,TensorBoard
33,REAL,-0.004115581512451172,-0.001179337501525879,0.010221600532531738,-0.004882097244262695,-0.02144014835357666,-0.004279112815856934,0.01134428014514855,5,TensorBoard
34,REAL,-0.0032460689544677734,-0.0008848905563354492,0.0032500028610229492,-0.005225539207458496,0.005108296871185303,-0.00019963979721069336,0.004332556700154206,5,TensorBoard
35,REAL,-5.555152893066406e-05,-0.0012936592102050781,-0.0031243562698364258,-0.021416425704956055,0.003510117530822754,-0.004475975036621093,0.009775616280306793,5,TensorBoard
36,REAL,-0.005826115608215332,0.0019401907920837402,-0.022740483283996582,-0.03268575668334961,0.004651010036468506,-0.010932230949401855,0.016180696524306905,5,TensorBoard
37,REAL,-0.001183629035949707,-0.0005415678024291992,-0.014101266860961914,-0.0061719417572021484,0.0011217594146728516,-0.004175329208374023,0.006179084473257959,5,TensorBoard
38,REAL,-0.017424464225769043,0.0011089444160461426,0.02250802516937256,0.006835818290710449,0.004390835762023926,0.0034838318824768066,0.014289640791181247,5,TensorBoard
39,REAL,-0.0008778572082519531,-0.0007398128509521484,0.016499817371368408,0.0009761452674865723,0.016316771507263184,0.006435012817382813,0.00913379537521357,5,TensorBoard
40,REAL,-0.003694295883178711,-0.001750946044921875,0.010132193565368652,-0.004225492477416992,0.020225346088409424,0.004137361049652099,0.010732026944705634,5,TensorBoard
41,REAL,0.002215564250946045,-0.003640413284301758,0.03829002380371094,0.018272340297698975,0.00012624263763427734,0.011052751541137695,0.017373579299666514,5,TensorBoard
42,REAL,-0.026134610176086426,0.0038663148880004883,0.021347761154174805,-0.014431357383728027,-0.05735182762145996,-0.014540743827819825,0.0299750863146881,5,TensorBoard
43,REAL,0.016990602016448975,0.0018946528434753418,0.015149235725402832,-0.0030663013458251953,0.0012330412864685059,0.0064402461051940914,0.009018153284108084,5,TensorBoard
44,REAL,0.004307568073272705,-0.0017926692962646484,-0.0331270694732666,0.031001627445220947,0.02028024196624756,0.004133939743041992,0.024526074733151833,5,TensorBoard
45,REAL,0.0300634503364563,0.0008513331413269043,-0.001961946487426758,-0.02573561668395996,-0.07097256183624268,-0.013551068305969239,0.037714898537605165,5,TensorBoard
46,REAL,0.010968625545501709,-0.0010418891906738281,0.0847962498664856,0.04304194450378418,-0.13129973411560059,0.001293039321899414,0.08123372095828937,5,TensorBoard
47,REAL,-0.02872145175933838,0.0053209662437438965,-0.042624711990356445,-0.06072115898132324,-0.1267077922821045,-0.05069082975387573,0.04889842331954555,5,TensorBoard
48,REAL,-0.04220259189605713,-0.004996895790100098,0.09061747789382935,0.09082925319671631,0.07275170087814331,0.041399788856506345,0.06121806445045535,5,TensorBoard
49,REAL,-0.0036531686782836914,0.0020049214363098145,0.014575302600860596,-0.12177205085754395,-0.02807903289794922,-0.02738480567932129,0.05499325264368772,5,TensorBoard
50,REAL,-0.0782092809677124,0.007879912853240967,0.08894330263137817,-0.12303495407104492,0.04569500684738159,-0.011745202541351318,0.08750082913806836,5,TensorBoard
51,REAL,0.03464043140411377,-0.001276850700378418,0.13826709985733032,-0.2240661382675171,0.061303019523620605,0.0017735123634338378,0.13626018175612267,5,TensorBoard
52,REAL,-0.005330443382263184,-0.010043859481811523,-0.10156619548797607,0.05580258369445801,0.040188372135162354,-0.004189908504486084,0.06141303147808924,5,TensorBoard
53,REAL,0.07670027017593384,0.004877805709838867,0.00103759765625,0.13654178380966187,0.0510174036026001,0.054034972190856935,0.056025316019729106,5,TensorBoard
54,REAL,0.08076125383377075,-0.019071578979492188,-0.1149359941482544,0.06580579280853271,0.0365443229675293,0.009820759296417236,0.07949849265700754,5,TensorBoard
55,REAL,0.03544747829437256,-0.0166318416595459,-0.10920166969299316,0.17526453733444214,-0.0716942548751831,0.002636849880218506,0.11099674080898225,5,TensorBoard
56,REAL,-0.011086106300354004,-0.006219983100891113,-0.047937870025634766,-0.17447781562805176,-0.007664322853088379,-0.049477219581604004,0.07197378520818234,5,TensorBoard
57,REAL,0.06408226490020752,0.007727563381195068,0.027073264122009277,0.03451591730117798,-0.007914543151855469,0.025096893310546875,0.02740406818343906,5,TensorBoard
58,REAL,-0.0233381986618042,0.01382368803024292,-0.021572113037109375,-0.06977474689483643,-0.08771717548370361,-0.03771570920944214,0.04077856821187599,5,TensorBoard
59,REAL,0.07340353727340698,-0.017975449562072754,-0.16599023342132568,-0.07218575477600098,-0.11210119724273682,-0.05896981954574585,0.09172542885157316,5,TensorBoard
60,REAL,0.15825456380844116,0.01662653684616089,-0.036364078521728516,0.15631157159805298,0.10038256645202637,0.07904223203659058,0.08647960704228015,5,TensorBoard
61,REAL,-0.06391239166259766,-0.06063520908355713,-0.24411845207214355,0.1434343457221985,-0.12314283847808838,-0.06967490911483765,0.14037436235930933,5,TensorBoard
62,REAL,0.17841702699661255,0.01407015323638916,0.02158498764038086,-0.05298340320587158,-0.009866595268249512,0.030244433879852296,0.08778877809797284,5,TensorBoard
63,REAL,0.062418341636657715,-0.016822218894958496,0.0414920449256897,0.07472538948059082,0.059538185596466064,0.04427034854888916,0.036159323788203086,5,TensorBoard
64,REAL,-0.009532928466796875,-0.13351917266845703,0.1192934513092041,0.12393951416015625,-0.006989479064941406,0.01863827705383301,0.10703048964040737,5,TensorBoard
65,REAL,-0.15899813175201416,-0.0221174955368042,0.05453634262084961,-0.08781683444976807,-0.0025331974029541016,-0.043385863304138184,0.0822349530378409,5,TensorBoard
66,REAL,0.27837592363357544,0.12216359376907349,-0.13391029834747314,-0.241402268409729,-0.03156542778015137,-0.001267695426940918,0.20592016819070932,5,TensorBoard
67,REAL,0.08274149894714355,-0.07509911060333252,0.31263697147369385,0.03623008728027344,-0.01603078842163086,0.0680957317352295,0.1488391497495271,5,TensorBoard
68,REAL,0.09524178504943848,-0.029908418655395508,0.22350835800170898,-0.14261722564697266,0.013250410556793213,0.0318949818611145,0.1372500403588729,5,TensorBoard
69,REAL,0.17874646186828613,-0.14514005184173584,0.5182532072067261,0.19158893823623657,0.07779252529144287,0.16424821615219115,0.23951666683079378,5,TensorBoard
70,REAL,0.31858450174331665,-0.035753726959228516,0.5733828544616699,0.09649485349655151,0.059349119663238525,0.2024115204811096,0.2447058275623376,5,TensorBoard
71,REAL,0.14885801076889038,-0.048424601554870605,0.3006429076194763,-0.06316852569580078,0.0909915566444397,0.085779869556427,0.1503068554834436,5,TensorBoard
72,REAL,0.2138405442237854,0.17265796661376953,-0.2893885374069214,0.008702695369720459,0.0055904388427734375,0.022280621528625488,0.19805878976094896,5,TensorBoard
73,REAL,0.19474190473556519,-0.0034186840057373047,0.213148832321167,-0.13424193859100342,0.04327434301376343,0.06270089149475097,0.14457271479173112,5,TensorBoard
74,REAL,0.17470526695251465,-0.02876460552215576,0.437394380569458,0.2762220501899719,0.07744795083999634,0.18740100860595704,0.17983624005838647,5,TensorBoard
75,REAL,-0.06292247772216797,0.09076815843582153,0.5628770589828491,0.1399756669998169,-0.04817092418670654,0.13650549650192262,0.25385702311073255,5,TensorBoard
76,REAL,-0.07153940200805664,-0.12013697624206543,-0.39234650135040283,0.01343691349029541,-0.09142184257507324,-0.13240156173706055,0.15360191438753495,5,TensorBoard
77,REAL,0.004308879375457764,-0.13834810256958008,0.4044422507286072,-0.6397922039031982,0.07184964418411255,-0.059507906436920166,0.3806319675889907,5,TensorBoard
78,REAL,0.004546940326690674,0.10760241746902466,0.3429637551307678,0.33067452907562256,0.039720118045806885,0.16510155200958251,0.1611317875389608,5,TensorBoard
79,REAL,0.17176544666290283,0.17874228954315186,0.8896269798278809,-0.22789621353149414,0.0896071195602417,0.22036912441253662,0.40928037548306867,5,TensorBoard
80,REAL,0.2524296045303345,0.012033045291900635,-0.3887979984283447,0.35388118028640747,0.007039010524749756,0.04731696844100952,0.2868433121592937,5,TensorBoard
81,REAL,0.25583410263061523,-0.12465894222259521,0.20730531215667725,0.1310095191001892,0.07378065586090088,0.10865412950515747,0.14793994759255846,5,TensorBoard
82,REAL,0.2521525025367737,0.08839285373687744,0.34743010997772217,-0.38836896419525146,0.03181225061416626,0.06628375053405762,0.283714934468281,5,TensorBoard
83,REAL,0.14308112859725952,0.18907248973846436,-0.7979636192321777,-0.36833465099334717,-0.0028427839279174805,-0.1673974871635437,0.41489018316724213,5,TensorBoard
84,REAL,0.28780752420425415,-0.31025707721710205,0.16756361722946167,-0.5617804527282715,0.03463512659072876,-0.07640625238418579,0.35170210506032684,5,TensorBoard
85,REAL,-0.10787308216094971,0.21382123231887817,0.029618501663208008,0.18900495767593384,0.06394326686859131,0.07770297527313233,0.1302461424174095,5,TensorBoard
86,REAL,-0.12278342247009277,0.13727843761444092,-0.02537083625793457,-0.2230689525604248,0.01402592658996582,-0.04398376941680908,0.13679221647476436,5,TensorBoard
87,REAL,0.4177073836326599,0.028913795948028564,0.4959644675254822,0.4704977869987488,-0.02578723430633545,0.2774592399597168,0.2541708179620414,5,TensorBoard
88,REAL,0.06644600629806519,0.23193955421447754,0.47647249698638916,-0.2539724111557007,-0.035167813301086426,0.09714356660842896,0.27558640523445943,5,TensorBoard
89,REAL,0.12213295698165894,-0.2355499267578125,0.22084534168243408,-0.30525755882263184,-0.04737722873687744,-0.04904128313064575,0.22504134835912032,5,TensorBoard
90,REAL,0.18797695636749268,-0.050604820251464844,-0.17225909233093262,-0.20449137687683105,-0.008180022239685059,-0.04951167106628418,0.15588135469844555,5,TensorBoard
91,REAL,0.11356335878372192,0.15988540649414062,-0.19671297073364258,-0.4009639024734497,0.019360125064849854,-0.060973596572875974,0.23436826825372362,5,TensorBoard
92,REAL,-0.4638798236846924,0.12786483764648438,0.7754533290863037,0.0290755033493042,0.1813817024230957,0.12997910976409913,0.4421915973627019,5,TensorBoard
93,REAL,-0.10074937343597412,0.04470330476760864,0.2050589919090271,0.44901043176651,0.053960561752319336,0.1303967833518982,0.20838876912204132,5,TensorBoard
94,REAL,0.060719192028045654,-0.17758071422576904,0.6886531114578247,0.0806378722190857,0.18247711658477783,0.16698131561279297,0.32009818960759384,5,TensorBoard
95,REAL,0.06411385536193848,0.01870054006576538,-0.3238682746887207,0.4428555369377136,0.005798637866973877,0.04152005910873413,0.2724362449516907,5,TensorBoard
96,REAL,0.14910948276519775,-0.006956934928894043,0.5510284304618835,-0.24716448783874512,0.06525033712387085,0.1022533655166626,0.291111449756508,5,TensorBoard
97,REAL,-0.036744117736816406,0.27670222520828247,0.03059554100036621,0.3277122378349304,-0.06746256351470947,0.10616066455841064,0.18333467590578337,5,TensorBoard
98,REAL,-0.19693470001220703,-0.06384801864624023,0.6631975173950195,-0.22859406471252441,-0.020745515823364258,0.03061504364013672,0.36424236814104965,5,TensorBoard
99,REAL,0.007092177867889404,0.024206817150115967,-0.31942248344421387,0.3425947427749634,-0.00968468189239502,0.008957314491271972,0.2343772468367186,5,TensorBoard
100,REAL,-0.15583527088165283,0.1795189380645752,0.6671414375305176,0.06901329755783081,-0.013307809829711914,0.14930611848831177,0.3142720662089286,5,TensorBoard
101,REAL,-0.30602002143859863,-1.404494285583496,-1.2954609394073486,-0.24408090114593506,-0.0004630088806152344,-0.6501038312911988,0.6501677169531151,5,TensorBoard
102,REAL,-0.15304136276245117,0.6365411877632141,0.3794870376586914,0.03174698352813721,-0.044148921966552734,0.17011698484420776,0.3282052748653208,5,TensorBoard
103,REAL,0.23038709163665771,-0.9770853519439697,-0.14577937126159668,0.4563426375389099,-0.0673685073852539,-0.10070070028305053,0.5456898353225708,5,TensorBoard
104,REAL,-0.07671821117401123,0.45702064037323,0.6304517984390259,0.25786465406417847,0.04271805286407471,0.26226738691329954,0.2900952948913443,5,TensorBoard
105,REAL,0.22777670621871948,-0.7462770938873291,0.2855733633041382,0.4069663882255554,0.03580504655838013,0.04196888208389282,0.4605596003160574,5,TensorBoard
106,REAL,0.20329433679580688,0.4746171832084656,0.7720831036567688,-0.3140054941177368,0.02411174774169922,0.23202017545700074,0.4161479287891658,5,TensorBoard
107,REAL,0.26040542125701904,-0.24805200099945068,-0.16004478931427002,0.31326061487197876,0.07556319236755371,0.04822648763656616,0.24858004320966362,5,TensorBoard
108,REAL,0.29084914922714233,0.5065328478813171,0.8747774362564087,0.39287394285202026,0.051085710525512695,0.42322381734848025,0.3032210429328477,5,TensorBoard
109,REAL,0.2094888687133789,-0.2640193700790405,0.48510855436325073,-0.033147573471069336,0.09658390283584595,0.09880287647247314,0.27863026277039515,5,TensorBoard
110,REAL,0.050116896629333496,-0.5310800075531006,0.7523624897003174,0.2743014693260193,0.02374553680419922,0.11388927698135376,0.46410082503543126,5,TensorBoard
111,REAL,-0.09854722023010254,-0.619060754776001,-4.861759662628174,-0.0989304780960083,-0.06369686126708984,-1.148398995399475,2.0886238325950592,5,TensorBoard
112,REAL,0.03103119134902954,0.10154920816421509,0.9059497117996216,-0.4927271604537964,0.03570866584777832,0.11630232334136963,0.5021065793777313,5,TensorBoard
113,REAL,-0.17394530773162842,0.46931713819503784,0.6989920139312744,-0.2971224784851074,0.00853949785232544,0.14115617275238038,0.42656615739511433,5,TensorBoard
114,REAL,-0.002791762351989746,-0.1259061098098755,0.8686950206756592,-0.47899818420410156,0.04418230056762695,0.06103625297546387,0.4957961770322107,5,TensorBoard
115,REAL,-0.152246356010437,0.6680237054824829,0.658236026763916,-0.0400393009185791,0.06529653072357178,0.2398541212081909,0.3939943134661862,5,TensorBoard
116,REAL,-0.21216809749603271,0.22422689199447632,0.8409468531608582,-0.3298548460006714,0.029933512210845947,0.11061686277389526,0.46124949687328876,5,TensorBoard
117,REAL,-0.13103890419006348,-0.492962121963501,0.706027626991272,0.089444100856781,0.04214376211166382,0.042722892761230466,0.4356913971524402,5,TensorBoard
118,REAL,0.3118606209754944,0.09819889068603516,0.7543730735778809,0.10020464658737183,0.008092164993286133,0.2545458793640137,0.3008808875670368,5,TensorBoard
119,REAL,-0.0965193510055542,0.24900895357131958,0.4440414309501648,-0.09636366367340088,0.005478918552398682,0.10112925767898559,0.23805176795659264,5,TensorBoard
120,REAL,-0.07509052753448486,-0.03609645366668701,0.5707026124000549,-0.09117758274078369,-0.020343780517578125,0.06959885358810425,0.2815804645164832,5,TensorBoard
121,REAL,0.30780142545700073,-0.5299508571624756,0.487285315990448,0.31339263916015625,-0.05914127826690674,0.10387744903564453,0.40644698998902734,5,TensorBoard
122,REAL,-0.03310561180114746,0.18171924352645874,0.946209192276001,-0.03896677494049072,-0.027144908905029297,0.20574222803115844,0.42427456740911246,5,TensorBoard
123,REAL,-0.19236361980438232,0.2629616856575012,-1.442521095275879,-0.3638094663619995,0.0241701602935791,-0.3423124670982361,0.6584208607480508,5,TensorBoard
124,REAL,-0.07656478881835938,-0.17588305473327637,0.4467112421989441,0.0733027458190918,0.03335779905319214,0.060184788703918454,0.23702475666143366,5,TensorBoard
125,REAL,0.0015099644660949707,-0.0005104541778564453,-0.16592252254486084,-0.20909607410430908,-0.008306741714477539,-0.07646516561508179,0.10257727141628738,5,TensorBoard
126,REAL,-0.037256836891174316,-0.25306904315948486,0.5026418566703796,-0.15940022468566895,0.017553865909576416,0.014093923568725585,0.29274742740468573,5,TensorBoard
127,REAL,0.10616737604141235,0.30027657747268677,0.019491970539093018,0.10345655679702759,-0.036334991455078125,0.09861149787902831,0.12769086185817602,5,TensorBoard
128,REAL,-0.062375664710998535,-0.05482625961303711,0.9338716864585876,-0.08861327171325684,0.015117168426513672,0.14863473176956177,0.44063374596262395,5,TensorBoard
129,REAL,0.13565999269485474,0.13434737920761108,0.8853796124458313,0.016111135482788086,0.06380921602249146,0.24706146717071534,0.3603762797361494,5,TensorBoard
130,REAL,0.007412970066070557,-0.15890085697174072,0.8735688328742981,0.07461994886398315,0.026144742965698242,0.16456912755966185,0.4059752565937307,5,TensorBoard
131,REAL,-0.010168790817260742,-0.33561480045318604,0.7362155914306641,0.003485739231109619,0.07447516918182373,0.09367858171463013,0.3925666865316786,5,TensorBoard
132,REAL,0.036830782890319824,-0.02587127685546875,0.9333259463310242,0.07923352718353271,0.021817922592163086,0.20906738042831421,0.40661138615683834,5,TensorBoard
133,REAL,0.1497030258178711,-0.22118425369262695,-1.526667833328247,0.06653285026550293,-0.042456984519958496,-0.3148146390914917,0.6915085093668776,5,TensorBoard
134,REAL,0.1177215576171875,-0.25765085220336914,0.8158798217773438,-0.04517996311187744,0.016415178775787354,0.1294371485710144,0.4075668719248495,5,TensorBoard
135,REAL,-0.008759140968322754,0.2699137330055237,0.41559702157974243,-0.04342961311340332,-0.04954826831817627,0.11675474643707276,0.21320989556773456,5,TensorBoard
136,REAL,0.10382235050201416,-0.18953466415405273,0.7997347712516785,0.14011359214782715,0.010010123252868652,0.17282923460006713,0.3730484128563635,5,TensorBoard
137,REAL,-0.0662238597869873,-0.07599377632141113,0.0956960916519165,-0.03816854953765869,-0.013096809387207031,-0.019557380676269533,0.06898243344772305,5,TensorBoard
138,REAL,-0.028426766395568848,-0.21415925025939941,0.7031294107437134,-0.017232656478881836,0.07539606094360352,0.10374135971069336,0.3511528925034619,5,TensorBoard
139,REAL,0.0599517822265625,0.2889145016670227,0.5961154699325562,0.02223825454711914,-0.009980559349060059,0.1914478898048401,0.25482942232753913,5,TensorBoard
140,REAL,0.1230926513671875,-0.14207887649536133,0.8340480923652649,0.03817462921142578,-0.09880363941192627,0.15088657140731812,0.3963458409855333,5,TensorBoard
141,REAL,0.029118895530700684,-0.20431077480316162,0.8593859076499939,0.052397072315216064,0.033476412296295166,0.15401350259780883,0.40816671517292136,5,TensorBoard
142,REAL,-0.09439527988433838,-0.21127533912658691,0.9566106796264648,-0.17524778842926025,0.20096451044082642,0.13533135652542114,0.4868719984949633,5,TensorBoard
143,REAL,-0.03652691841125488,0.16911685466766357,0.14064151048660278,-0.060523390769958496,0.0716126561164856,0.056864142417907715,0.10288168040884389,5,TensorBoard
144,REAL,0.08043909072875977,0.24652665853500366,0.8092865943908691,-0.04103899002075195,0.03535193204879761,0.22611305713653565,0.3425963431320561,5,TensorBoard
145,REAL,0.1507280468940735,0.23436206579208374,0.4322984218597412,-0.017248868942260742,-0.023902416229248047,0.15524744987487793,0.1903197592627849,5,TensorBoard
146,REAL,0.11462289094924927,0.47752565145492554,0.8033464550971985,-0.029126405715942383,-0.04259359836578369,0.26475499868392943,0.3669881460399258,5,TensorBoard
147,REAL,-0.09679973125457764,-0.143912672996521,-0.5758229494094849,-0.08451437950134277,0.015937864780426025,-0.17702237367630005,0.2304154977713621,5,TensorBoard
148,REAL,0.018995046615600586,0.09062159061431885,0.6120215058326721,-0.031464219093322754,-0.004224538803100586,0.13718987703323365,0.269279566664634,5,TensorBoard
149,REAL,0.02812880277633667,0.34194856882095337,0.3456966280937195,-0.10464155673980713,-0.08555328845977783,0.10511583089828491,0.22374580609238456,5,TensorBoard
150,REAL,-0.010931730270385742,0.15354305505752563,0.8088826537132263,0.09217464923858643,-0.08089196681976318,0.19255533218383789,0.35624360220828505,5,TensorBoard
151,REAL,0.0010070204734802246,0.1798938512802124,0.8303892612457275,0.0014387965202331543,0.05040532350540161,0.212626850605011,0.35298761160732284,5,TensorBoard
152,REAL,0.04564398527145386,-0.14034724235534668,0.7066856622695923,-0.005563259124755859,0.07833576202392578,0.1369509816169739,0.3292320350908756,5,TensorBoard
153,REAL,0.010145425796508789,-0.19751358032226562,0.2498950958251953,0.059178292751312256,-0.05493724346160889,0.01335359811782837,0.16369993977736663,5,TensorBoard
154,REAL,-0.10971951484680176,-0.1019672155380249,0.6098231077194214,-0.10526883602142334,-0.022557973861694336,0.05406191349029541,0.3127686226518966,5,TensorBoard
155,REAL,-0.02871096134185791,0.12810254096984863,0.25204867124557495,-0.09768843650817871,0.07358664274215698,0.0654676914215088,0.1362819178192123,5,TensorBoard
156,REAL,-0.020371079444885254,0.05847734212875366,0.9202771186828613,0.04738962650299072,-0.006924748420715332,0.19976965188980103,0.4041963369921059,5,TensorBoard
157,REAL,-0.1317363977432251,0.26155316829681396,0.687098503112793,0.07258135080337524,0.026627957820892334,0.18322491645812988,0.31463834075133545,5,TensorBoard
158,REAL,0.02309095859527588,-0.20466017723083496,0.9374037384986877,0.008278489112854004,-0.01913619041442871,0.14899536371231079,0.4501614667513957,5,TensorBoard
159,REAL,-0.044191837310791016,0.06895625591278076,0.47030937671661377,-0.0031441450119018555,0.0001741647720336914,0.09842076301574706,0.21182273046122582,5,TensorBoard
160,REAL,0.06813770532608032,-0.2274007797241211,0.9786446690559387,0.00016838312149047852,-0.0042493343353271484,0.16306012868881226,0.4693544255498607,5,TensorBoard
161,REAL,0.12955600023269653,0.10525518655776978,0.3832411766052246,-0.07738256454467773,-0.024989962577819824,0.10313596725463867,0.17900044117038152,5,TensorBoard
162,REAL,0.1451241374015808,0.025374650955200195,0.9472663402557373,-0.0033150911331176758,0.048388004302978516,0.23256760835647583,0.4034018883370341,5,TensorBoard
163,REAL,-0.030863404273986816,-0.11157631874084473,-0.3681834936141968,-0.043022871017456055,-0.02663266658782959,-0.11605575084686279,0.1450659241811383,5,TensorBoard
164,REAL,-0.19082629680633545,-0.028397202491760254,0.8786762952804565,0.03892242908477783,0.008573770523071289,0.141389799118042,0.4215821975319897,5,TensorBoard
165,REAL,0.04991137981414795,-0.01765918731689453,0.4852132797241211,-0.04486560821533203,0.05455827713012695,0.10543162822723388,0.21659022762061228,5,TensorBoard
166,REAL,0.12315559387207031,-0.15581929683685303,0.4711129069328308,-0.025796055793762207,-0.08177018165588379,0.06617659330368042,0.24841971351100706,5,TensorBoard
167,REAL,0.2499082088470459,-0.05472970008850098,0.890129029750824,0.0010095834732055664,0.02519887685775757,0.2223031997680664,0.39093528302141545,5,TensorBoard
168,REAL,-0.015512228012084961,-0.0815730094909668,0.8946096301078796,0.047580063343048096,-0.031088590621948242,0.16280317306518555,0.4116816647821449,5,TensorBoard
169,REAL,-0.014457941055297852,-0.012955665588378906,0.13152790069580078,-0.020491838455200195,-0.02265632152557373,0.01219322681427002,0.06683247795694813,5,TensorBoard
170,REAL,-0.06679868698120117,0.08950191736221313,0.9109789133071899,-0.06324124336242676,-0.01870882511138916,0.1703464150428772,0.4188123707859962,5,TensorBoard
171,REAL,-0.24255084991455078,0.06548410654067993,0.6499895453453064,-0.021109700202941895,-0.05535733699798584,0.07929115295410157,0.3382602960665474,5,TensorBoard
172,REAL,-0.14142239093780518,0.035687386989593506,0.5759257078170776,0.05978655815124512,-0.01697993278503418,0.10259946584701538,0.2757688351979808,5,TensorBoard
173,REAL,0.023698806762695312,-0.18027782440185547,0.8179558515548706,0.008845865726470947,0.0050498247146606445,0.1350545048713684,0.39083841166962546,5,TensorBoard
174,REAL,0.050612449645996094,-0.25676047801971436,0.5091989040374756,-0.009178519248962402,-0.041465163230895996,0.050481438636779785,0.2814395200341543,5,TensorBoard
175,REAL,-0.014518380165100098,-0.40830671787261963,0.5331915616989136,-0.010060787200927734,-0.050870418548583984,0.009887051582336426,0.33668184190230227,5,TensorBoard
176,REAL,-0.0665057897567749,-0.3345085382461548,0.8975987434387207,0.007077574729919434,0.030600249767303467,0.10685244798660279,0.4652692031501098,5,TensorBoard
177,REAL,-0.1829463243484497,-0.037366271018981934,0.5085633993148804,0.0438571572303772,-0.026263952255249023,0.06116880178451538,0.26334742299612884,5,TensorBoard
178,REAL,0.050072669982910156,-0.07647979259490967,0.7927378416061401,0.0211637020111084,0.0234488844871521,0.16218866109848024,0.3557603336485316,5,TensorBoard
179,REAL,0.10080069303512573,0.0976296067237854,0.6706522703170776,0.06914114952087402,0.03150719404220581,0.19394618272781372,0.2679386032129757,5,TensorBoard
180,REAL,-0.22291016578674316,0.10622560977935791,0.907597541809082,0.02082747220993042,0.040785014629364014,0.17050509452819823,0.43053553418927626,5,TensorBoard
181,REAL,0.027728676795959473,-0.07080352306365967,0.7344541549682617,0.010600924491882324,0.03800046443939209,0.1479961395263672,0.3306232948800556,5,TensorBoard
182,REAL,-0.061607956886291504,0.022157132625579834,0.8140578866004944,-0.004787087440490723,-0.009186267852783203,0.15212674140930177,0.37127190106393637,5,TensorBoard
183,REAL,0.026362180709838867,-0.09545302391052246,0.7608190774917603,0.03917175531387329,0.0069345831871032715,0.14756691455841064,0.34689856461138485,5,TensorBoard
184,REAL,0.1567983627319336,0.13562500476837158,0.8284209370613098,-0.01881277561187744,-0.03822171688079834,0.21276196241378784,0.35522446226016124,5,TensorBoard
185,REAL,0.11209648847579956,0.1989564299583435,0.6031296253204346,-0.0033884048461914062,0.006114184856414795,0.1833816647529602,0.24890727108481925,5,TensorBoard
186,REAL,-0.3186875581741333,-0.15700483322143555,0.8761616945266724,-0.0418548583984375,0.02133762836456299,0.0759904146194458,0.4656194799219996,5,TensorBoard
187,REAL,-0.07793891429901123,0.09615635871887207,0.5248827934265137,0.027725160121917725,0.0030286312103271484,0.11477080583572388,0.23755979998165108,5,TensorBoard
188,REAL,-0.15705060958862305,0.20418661832809448,0.751985490322113,-0.015804409980773926,0.038647353649139404,0.16439288854599,0.35300762563571497,5,TensorBoard
189,REAL,-0.020313501358032227,0.04593789577484131,0.5904494524002075,0.030012667179107666,-0.00652468204498291,0.12791236639022827,0.25994660448570966,5,TensorBoard
190,REAL,0.10211050510406494,-0.05580008029937744,0.7154653668403625,0.022390365600585938,-0.016948938369750977,0.153443443775177,0.3195680827921097,5,TensorBoard
191,REAL,-0.45815372467041016,-0.016162395477294922,0.7950009703636169,0.043352484703063965,0.01126641035079956,0.07506074905395507,0.45167144890546407,5,TensorBoard
192,REAL,0.12772858142852783,0.3350414037704468,0.8931741118431091,-0.009925484657287598,0.013408482074737549,0.27188541889190676,0.37316123339249585,5,TensorBoard
193,REAL,-0.15998196601867676,-0.06958794593811035,0.11230993270874023,-0.032129764556884766,0.011297881603240967,-0.027618372440338136,0.10049418400343342,5,TensorBoard
194,REAL,-0.03903675079345703,-0.16655194759368896,0.9709311127662659,-0.0002532005310058594,0.002324819564819336,0.15348280668258668,0.46211233863044526,5,TensorBoard
195,REAL,0.3392888307571411,-0.09660840034484863,0.7912955284118652,0.031336069107055664,0.01550436019897461,0.2161632776260376,0.3599264606903944,5,TensorBoard
196,REAL,-0.10560822486877441,-0.18628084659576416,0.6988321542739868,0.022139251232147217,0.00741422176361084,0.08729931116104125,0.35237029503744643,5,TensorBoard
197,REAL,0.27603310346603394,0.013796031475067139,-0.17465364933013916,0.02395552396774292,-0.003597736358642578,0.027106654644012452,0.1610911691585025,5,TensorBoard
198,REAL,-0.048459410667419434,-0.02956569194793701,0.8618499040603638,-0.0056247711181640625,0.020737886428833008,0.15978758335113524,0.39332208200441116,5,TensorBoard
199,REAL,0.2651757597923279,0.040880799293518066,0.49574774503707886,0.0010378360748291016,0.025851070880889893,0.16573864221572876,0.21276637269168272,5,TensorBoard
200,REAL,-0.09800386428833008,0.06686139106750488,-1.4838953018188477,0.011322259902954102,0.0036128759384155273,-0.30002052783966066,0.6644735003382171,5,TensorBoard
1,ZERO,0.00017720460891723633,0.0003339052200317383,5.424022674560547e-06,0.0004813075065612793,0.0007373690605163574,0.00034704208374023435,0.0002811150108288068,5,TensorBoard
2,ZERO,0.0001087188720703125,-0.0004781484603881836,-0.0006937980651855469,-0.00016951560974121094,-0.0002295970916748047,-0.00029246807098388673,0.00030641638431117056,5,TensorBoard
3,ZERO,-0.00020122528076171875,-6.854534149169922e-05,0.00021249055862426758,-0.0002155303955078125,2.300739288330078e-05,-4.9960613250732425e-05,0.00017666684189130812,5,TensorBoard
4,ZERO,0.0002608299255371094,0.0009644031524658203,-0.0004044771194458008,0.001065075397491455,0.00116044282913208,0.0006092548370361328,0.0006683493305268776,5,TensorBoard
5,ZERO,-0.0002689361572265625,0.00013005733489990234,-0.00013446807861328125,0.0008507370948791504,-5.698204040527344e-05,0.00010408163070678711,0.0004416330092594551,5,TensorBoard
6,ZERO,-0.00038611888885498047,0.0011181235313415527,0.000293731689453125,-0.00024771690368652344,0.000561833381652832,0.0002679705619812012,0.000613095758370621,5,TensorBoard
7,ZERO,-0.00010764598846435547,0.0004334449768066406,-0.0009059906005859375,0.00014734268188476562,-2.6106834411621094e-05,-9.179115295410156e-05,0.0005001361137246089,5,TensorBoard
8,ZERO,0.0005238652229309082,0.0021589994430541992,0.00019848346710205078,2.574920654296875e-05,-1.823902130126953e-05,0.0005777716636657715,0.0009092585249088535,5,TensorBoard
9,ZERO,-0.0005687475204467773,0.00034618377685546875,0.0003260374069213867,0.000904083251953125,0.00012284517288208008,0.00022608041763305664,0.0005306865899147009,5,TensorBoard
10,ZERO,-0.0008383989334106445,0.0004025101661682129,-0.0001405477523803711,0.0009514093399047852,8.344650268554688e-05,9.168386459350586e-05,0.000662343240292854,5,TensorBoard
11,ZERO,-0.00017774105072021484,0.00040024518966674805,-0.00036346912384033203,0.0002377629280090332,-0.00017380714416503906,-1.5401840209960936e-05,0.000319942161506078,5,TensorBoard
12,ZERO,-0.00012922286987304688,0.00101393461227417,-0.0002516508102416992,-0.0008674860000610352,-0.0006093978881835938,-0.00016876459121704102,0.0007227690482689378,5,TensorBoard
13,ZERO,-0.0003323554992675781,0.0006103515625,-0.0013222694396972656,0.0005624890327453613,-0.0007224082946777344,-0.00024083852767944335,0.0008336122229491522,5,TensorBoard
14,ZERO,-0.0015876293182373047,0.0008608698844909668,-0.0007966756820678711,-0.0009589195251464844,-0.00014400482177734375,-0.0005252718925476074,0.000929659506411891,5,TensorBoard
15,ZERO,-0.0001996755599975586,0.0004987120628356934,0.0007346272468566895,0.00011837482452392578,0.0018066763877868652,0.000591742992401123,0.0007673908011389793,5,TensorBoard
16,ZERO,-0.001234292984008789,0.00034797191619873047,-0.0007146596908569336,0.00024116039276123047,-0.0012067556381225586,-0.0005133152008056641,0.0007668534942964339,5,TensorBoard
17,ZERO,-2.467632293701172e-05,0.001183629035949707,-0.0006645917892456055,-0.00023865699768066406,-0.0006933212280273438,-8.75234603881836e-05,0.0007652807604358814,5,TensorBoard
18,ZERO,-0.001131296157836914,4.500150680541992e-05,0.0001766681671142578,0.0007603168487548828,-0.0015991926193237305,-0.0003497004508972168,0.000979427701649578,5,TensorBoard
19,ZERO,-5.9723854064941406e-05,0.0010986328125,-0.0009511709213256836,0.0003370046615600586,-0.0011601448059082031,-0.0001470804214477539,0.0009309446785046262,5,TensorBoard
20,ZERO,-0.0012413263320922852,-0.0005567073822021484,0.0005283355712890625,0.0004824995994567871,-9.834766387939453e-05,-0.0001771092414855957,0.0007442432998357921,5,TensorBoard
21,ZERO,-0.00030171871185302734,5.84721565246582e-05,-0.0008965730667114258,-0.000756382942199707,-0.0011708736419677734,-0.0006134152412414551,0.0004898891170183885,5,TensorBoard
22,ZERO,-0.0018658638000488281,-0.00032591819763183594,0.001981198787689209,0.00022870302200317383,-0.0014263391494750977,-0.00028164386749267577,0.0015168183089397194,5,TensorBoard
23,ZERO,0.0016636848449707031,0.0001569986343383789,-0.0017915964126586914,-0.0005543231964111328,-0.0014420747756958008,-0.0003934621810913086,0.0013797739819851565,5,TensorBoard
24,ZERO,-0.0011512041091918945,-0.0006163120269775391,-0.0008590221405029297,-0.0016334056854248047,-0.001636505126953125,-0.0011792898178100586,0.00045704793109181533,5,TensorBoard
25,ZERO,-0.006398797035217285,-0.00016736984252929688,0.0017334818840026855,-0.0022090673446655273,-0.0005806684494018555,-0.0015244841575622558,0.0030649009059171128,5,TensorBoard
26,ZERO,-0.00010597705841064453,6.42538070678711e-05,-0.004992008209228516,0.0019096732139587402,-0.004198789596557617,-0.0014645695686340333,0.002978563890663778,5,TensorBoard
27,ZERO,-0.001140594482421875,0.00014573335647583008,0.0006310343742370605,0.0009582638740539551,-0.002475738525390625,-0.0003762602806091309,0.0014195149057503434,5,TensorBoard
28,ZERO,-0.002538442611694336,-0.00011754035949707031,0.0020666122436523438,0.0040090084075927734,-0.0009430646896362305,0.0004953145980834961,0.0025721211800868358,5,TensorBoard
29,ZERO,0.0002943277359008789,2.014636993408203e-05,-0.0014276504516601562,0.00087738037109375,-0.005573272705078125,-0.001161813735961914,0.0026080322889042253,5,TensorBoard
30,ZERO,-0.0063478946685791016,-0.00041937828063964844,-0.0004559755325317383,0.00627976655960083,-0.0019565820693969727,-0.0005800127983093262,0.0045348970704490186,5,TensorBoard
31,ZERO,-0.00245511531829834,0.00014925003051757812,0.0003699660301208496,-0.0013452768325805664,-0.009249448776245117,-0.0025061249732971193,0.003941620928404293,5,TensorBoard
32,ZERO,-0.002690553665161133,-0.0009148120880126953,-0.0027004480361938477,-0.012735843658447266,0.0017937421798706055,-0.0034495830535888673,0.0055065753481608306,5,TensorBoard
33,ZERO,-0.004165172576904297,-0.001217484474182129,0.010441124439239502,-0.00463712215423584,-0.035465359687805176,-0.007008802890777588,0.017040584353579212,5,TensorBoard
34,ZERO,-0.003276348114013672,-0.0007759332656860352,-0.0015017986297607422,0.0061359405517578125,0.003795027732849121,0.0008753776550292969,0.003931046307108559,5,TensorBoard
35,ZERO,1.0848045349121094e-05,-0.0018398761749267578,0.002796471118927002,-0.020624399185180664,0.005881786346435547,-0.0027550339698791506,0.010406917221696826,5,TensorBoard
36,ZERO,-0.006457686424255371,0.001423180103302002,-0.02197277545928955,-0.030279159545898438,0.014569520950317383,-0.008543384075164796,0.017963027328332052,5,TensorBoard
37,ZERO,-0.0011298656463623047,-0.0008144378662109375,-0.014016509056091309,-0.006374835968017578,-0.018197059631347656,-0.008106541633605958,0.007771644904639831,5,TensorBoard
38,ZERO,-0.016867399215698242,0.0011876821517944336,0.023579180240631104,0.006140232086181641,0.005716562271118164,0.00395125150680542,0.014441408154480492,5,TensorBoard
39,ZERO,-0.0006407499313354492,-0.0008170604705810547,0.01871633529663086,0.005212545394897461,0.01570230722427368,0.0076346755027771,0.009133332999497269,5,TensorBoard
40,ZERO,-0.005077242851257324,-0.0018693208694458008,0.017117798328399658,-0.004334807395935059,0.022778987884521484,0.0057230830192565914,0.013192765281318634,5,TensorBoard
41,ZERO,0.0021521449089050293,-0.0033986568450927734,0.03896462917327881,0.016138792037963867,-0.008396387100219727,0.009092104434967042,0.01905290681346548,5,TensorBoard
42,ZERO,-0.024567723274230957,0.0033335089683532715,0.021828174591064453,-0.016001582145690918,-0.0171738862991333,-0.00651630163192749,0.0189065900011664,5,TensorBoard
43,ZERO,0.005200684070587158,0.0013653039932250977,0.016214370727539062,-0.028861641883850098,-0.0016390085220336914,-0.0015440583229064941,0.01670012820706982,5,TensorBoard
44,ZERO,0.013922333717346191,-0.005773663520812988,-0.033348679542541504,0.01973593235015869,-0.03247380256652832,-0.007587575912475586,0.024977486520574136,5,TensorBoard
45,ZERO,0.027965307235717773,0.0013910531997680664,-0.008035540580749512,-0.040065765380859375,-0.01295936107635498,-0.0063408613204956055,0.024600514902386565,5,TensorBoard
46,ZERO,0.009108304977416992,-0.0009169578552246094,0.08574581146240234,0.04024016857147217,-0.010569453239440918,0.024721574783325196,0.03908756011897925,5,TensorBoard
47,ZERO,-0.023009181022644043,0.0038236379623413086,-0.03893887996673584,-0.050951361656188965,-0.016303062438964844,-0.025075769424438475,0.021083992921374344,5,TensorBoard
48,ZERO,-0.03558385372161865,-0.005535244941711426,0.10029023885726929,0.10140538215637207,0.007587313652038574,0.03363276720046997,0.06332413699219211,5,TensorBoard
49,ZERO,0.01082700490951538,-0.004940032958984375,0.009714245796203613,-0.10431075096130371,-0.010402917861938477,-0.019822490215301514,0.04811520655367262,5,TensorBoard
50,ZERO,-0.09182024002075195,0.00691145658493042,0.08479428291320801,-0.009627342224121094,0.000526726245880127,-0.0018430233001708984,0.06273909189805948,5,TensorBoard
51,ZERO,-0.00273740291595459,-0.012374639511108398,0.13790583610534668,-0.06297910213470459,-0.029366254806518555,0.006089687347412109,0.07717183339272443,5,TensorBoard
52,ZERO,-0.1912301778793335,0.0004863739013671875,-0.05606544017791748,0.082328200340271,0.03655374050140381,-0.025585460662841796,0.10553859555032433,5,TensorBoard
53,ZERO,0.11101281642913818,0.006068766117095947,-0.0016183853149414062,0.07532113790512085,0.029215693473815918,0.0440000057220459,0.04798469169307803,5,TensorBoard
54,ZERO,-0.004908919334411621,-0.027063488960266113,-0.1254969835281372,0.09549504518508911,0.03911632299423218,-0.004571604728698731,0.08223581234612715,5,TensorBoard
55,ZERO,-0.06519091129302979,-0.023113489151000977,-0.08890283107757568,0.18021291494369507,0.023941397666931152,0.005389416217803955,0.10676195233844199,5,TensorBoard
56,ZERO,-0.06340622901916504,-0.001479029655456543,-0.037070631980895996,-0.2675269842147827,-0.0497361421585083,-0.08384380340576172,0.10522858859972821,5,TensorBoard
57,ZERO,0.05350351333618164,0.018137693405151367,0.036605238914489746,0.03196585178375244,-0.10259246826171875,0.007523965835571289,0.0628401251036698,5,TensorBoard
58,ZERO,-0.26278603076934814,0.02057182788848877,-0.07725191116333008,-0.1945817470550537,-0.055263519287109375,-0.11386227607727051,0.11351275163178828,5,TensorBoard
59,ZERO,0.1650371551513672,-0.04355263710021973,0.02511841058731079,-0.0395815372467041,-0.07999515533447266,0.005405247211456299,0.09693408689669808,5,TensorBoard
60,ZERO,0.042967021465301514,-0.02739548683166504,-0.14184701442718506,0.027239084243774414,-0.024088740348815918,-0.02462502717971802,0.07246987035705342,5,TensorBoard
61,ZERO,-0.13239705562591553,-0.052454233169555664,-0.09084665775299072,-0.11167347431182861,-0.12454378604888916,-0.10238304138183593,0.032032116055606547,5,TensorBoard
62,ZERO,0.27460479736328125,0.007222175598144531,0.20661985874176025,-0.153999924659729,-0.07094788551330566,0.05269980430603027,0.18235607541723559,5,TensorBoard
63,ZERO,-0.10500109195709229,-0.07774567604064941,-0.02079486846923828,0.10881578922271729,-0.002249479293823242,-0.019395065307617188,0.0828660656717736,5,TensorBoard
64,ZERO,-0.18641352653503418,-0.15878963470458984,0.2079525589942932,-0.1531968116760254,-0.035994768142700195,-0.06528843641281128,0.16329452268242023,5,TensorBoard
65,ZERO,-0.22207093238830566,-0.0976637601852417,-0.12120139598846436,0.21741807460784912,0.057084083557128906,-0.03328678607940674,0.17214285388823503,5,TensorBoard
66,ZERO,-0.07351338863372803,0.12601232528686523,-0.2238466739654541,0.02749323844909668,-0.021481990814208984,-0.03306729793548584,0.1295576908215046,5,TensorBoard
67,ZERO,0.2993435263633728,-0.14416790008544922,-0.039472341537475586,0.41012489795684814,0.024096429347991943,0.10998492240905762,0.23465328145050743,5,TensorBoard
68,ZERO,0.2405250072479248,-0.36203277111053467,-0.01318049430847168,-0.17157793045043945,0.016843736171722412,-0.057884490489959715,0.22475729040971618,5,TensorBoard
69,ZERO,0.3244273066520691,-0.27870261669158936,-0.07944607734680176,0.07059425115585327,-0.025388002395629883,0.0022969722747802736,0.22070434047147178,5,TensorBoard
70,ZERO,-0.5467278957366943,0.17521244287490845,0.350894033908844,0.39329683780670166,0.006026029586791992,0.07574028968811035,0.3803857165427039,5,TensorBoard
71,ZERO,0.1767507791519165,0.004607558250427246,0.12926965951919556,-0.41261541843414307,-0.004937648773193359,-0.021385014057159424,0.23235854953601084,5,TensorBoard
72,ZERO,-0.2336592674255371,0.2815282344818115,0.010026156902313232,0.4039836525917053,-0.023105740547180176,0.08775460720062256,0.25455236949859933,5,TensorBoard
73,ZERO,0.07949680089950562,0.07971876859664917,-0.22832059860229492,-0.2982451915740967,-0.02812206745147705,-0.07909445762634278,0.17554664480183066,5,TensorBoard
74,ZERO,-0.24974703788757324,-0.040465354919433594,0.5440832376480103,-0.08893013000488281,0.007379770278930664,0.03446409702301025,0.30085783872367017,5,TensorBoard
75,ZERO,0.06189650297164917,-0.09563338756561279,0.2596195340156555,0.29289233684539795,-0.03739368915557861,0.09627625942230225,0.17408176431606073,5,TensorBoard
76,ZERO,-0.06495535373687744,0.279041051864624,0.4509654641151428,0.22764629125595093,-0.02735745906829834,0.1730679988861084,0.21694559209997652,5,TensorBoard
77,ZERO,-0.17794883251190186,-0.25916457176208496,0.23759180307388306,-1.102696418762207,0.019208073616027832,-0.2566019892692566,0.5104819694894251,5,TensorBoard
78,ZERO,0.44484108686447144,0.060679078102111816,0.3647790551185608,0.45799529552459717,-0.02378833293914795,0.2609012365341187,0.22616785885532156,5,TensorBoard
79,ZERO,0.22862029075622559,0.27095359563827515,0.08577287197113037,0.23854774236679077,0.003487110137939453,0.16547632217407227,0.11515771058104085,5,TensorBoard
80,ZERO,-0.1329706907272339,-0.3822946548461914,0.15981578826904297,0.37496376037597656,0.028043508529663086,0.009511542320251466,0.2873601427981525,5,TensorBoard
81,ZERO,-0.28109025955200195,-0.24698126316070557,0.4832438826560974,-0.4249526262283325,0.01935601234436035,-0.09008485078811646,0.35844076098312794,5,TensorBoard
82,ZERO,0.16775137186050415,0.4471154808998108,0.4266974925994873,-0.7031154632568359,0.04123169183731079,0.07593611478805543,0.468338410139815,5,TensorBoard
83,ZERO,0.4553312063217163,0.0721290111541748,0.5659803152084351,-0.20542824268341064,-0.019528746604919434,0.17369670867919923,0.32580370651280516,5,TensorBoard
84,ZERO,0.20359039306640625,0.19157373905181885,0.6262998580932617,0.008739709854125977,-0.01723647117614746,0.20259344577789307,0.2576596665162244,5,TensorBoard
85,ZERO,0.08412450551986694,0.3028496503829956,0.626058042049408,-0.003740549087524414,0.008203864097595215,0.20349910259246826,0.266348168050163,5,TensorBoard
86,ZERO,-0.018463850021362305,-0.40544724464416504,0.4981517791748047,0.5580658912658691,0.009482979774475098,0.1283579111099243,0.4006345829491745,5,TensorBoard
87,ZERO,-0.1284785270690918,0.16629362106323242,-0.35591626167297363,0.4157126545906067,0.00103682279586792,0.01972966194152832,0.2922791790540656,5,TensorBoard
88,ZERO,0.09322220087051392,0.27425646781921387,-0.4796086549758911,-0.5269390344619751,-0.0063936710357666016,-0.129092538356781,0.3564802443949891,5,TensorBoard
89,ZERO,0.2429860234260559,0.3619269132614136,-0.28130030632019043,-0.14073443412780762,-0.01214146614074707,0.034147346019744874,0.2661233503507047,5,TensorBoard
90,ZERO,0.018853485584259033,0.25713038444519043,0.4213806390762329,0.052976250648498535,-0.011238455772399902,0.1478204607963562,0.1855474833988507,5,TensorBoard
91,ZERO,0.11834943294525146,-0.27630627155303955,0.1939370036125183,-0.4533236026763916,0.015602946281433105,-0.08034809827804565,0.2745131879982628,5,TensorBoard
92,ZERO,-0.339397668838501,0.257368803024292,-0.5249654054641724,0.47048985958099365,0.021965503692626953,-0.022907781600952148,0.41116830931777737,5,TensorBoard
93,ZERO,0.08309805393218994,0.04197037220001221,-0.03184640407562256,0.1623174548149109,0.006096065044403076,0.05232710838317871,0.07479050566476354,5,TensorBoard
94,ZERO,-0.18425452709197998,0.29135459661483765,-0.11831223964691162,-0.23725497722625732,0.05076873302459717,-0.039539682865142825,0.21440934776667656,5,TensorBoard
95,ZERO,-0.18078696727752686,0.11682122945785522,0.2043095827102661,0.2208377718925476,0.004585981369018555,0.07315351963043212,0.16591164691235158,5,TensorBoard
96,ZERO,-0.07294917106628418,0.41651690006256104,0.09934854507446289,0.6413444876670837,-0.018317818641662598,0.21318858861923218,0.305405249528736,5,TensorBoard
97,ZERO,-0.0328059196472168,-0.017557621002197266,-0.6393171548843384,-0.8642212152481079,-0.010602712631225586,-0.3129009246826172,0.4085237771575952,5,TensorBoard
98,ZERO,-0.23801255226135254,-0.8800235986709595,-0.2049560546875,-0.019901752471923828,-0.0015259981155395508,-0.26888399124145507,0.35777223840623884,5,TensorBoard
99,ZERO,0.03824913501739502,-0.0008955001831054688,0.4745487570762634,-0.05465233325958252,-0.04076540470123291,0.08329693078994752,0.2217076472794909,5,TensorBoard
100,ZERO,0.13543790578842163,-0.16321206092834473,0.08257526159286499,-0.8764303922653198,0.04618120193481445,-0.1550896167755127,0.41886730199568295,5,TensorBoard
101,ZERO,-0.04196631908416748,-0.167771577835083,-0.046179890632629395,-0.48461294174194336,-0.0032399892807006836,-0.14875414371490478,0.19765012081841463,5,TensorBoard
102,ZERO,0.014704227447509766,-0.7702480554580688,0.19931310415267944,0.0969439148902893,-0.015562891960144043,-0.09496994018554687,0.3865772475440479,5,TensorBoard
103,ZERO,0.1512848138809204,-0.6966804265975952,0.055543363094329834,0.32924938201904297,-0.011403203010559082,-0.034401214122772215,0.3917760035505742,5,TensorBoard
104,ZERO,-0.16694879531860352,0.04848659038543701,0.037431180477142334,-0.031176447868347168,-0.0017104148864746094,-0.02278357744216919,0.08660742230447914,5,TensorBoard
105,ZERO,-0.09972107410430908,-0.17713665962219238,0.31612497568130493,-0.5574780702590942,0.07634484767913818,-0.08837319612503051,0.3235807143018261,5,TensorBoard
106,ZERO,-0.12484371662139893,-0.0914074182510376,-0.28589320182800293,-0.5890963077545166,0.05331993103027344,-0.20758414268493652,0.24499887036806328,5,TensorBoard
107,ZERO,0.2310030460357666,-0.05380666255950928,0.28792083263397217,-0.06843924522399902,-0.00048661231994628906,0.07923827171325684,0.16766530547201486,5,TensorBoard
108,ZERO,-0.24370181560516357,0.31618452072143555,0.032247960567474365,0.23569947481155396,0.07267826795578003,0.08262168169021607,0.21627980642373668,5,TensorBoard
109,ZERO,-0.13641643524169922,0.2022947072982788,-0.13946402072906494,0.29773205518722534,0.11747491359710693,0.06832424402236939,0.1988004815684443,5,TensorBoard
110,ZERO,-0.30890917778015137,-0.2498558759689331,0.036889493465423584,0.4324988126754761,-0.01986539363861084,-0.02184842824935913,0.2933755107990543,5,TensorBoard
111,ZERO,0.13485902547836304,-0.1380239725112915,0.11578088998794556,-0.2664862871170044,-0.0260775089263916,-0.035989570617675784,0.1701921854508613,5,TensorBoard
112,ZERO,0.07703185081481934,0.49007242918014526,0.07336992025375366,-0.1101078987121582,0.05215364694595337,0.11650398969650269,0.22274755400064625,5,TensorBoard
113,ZERO,0.04478883743286133,-0.14085495471954346,-0.00372469425201416,0.10545367002487183,0.08972632884979248,0.019077837467193604,0.09900947274548441,5,TensorBoard
114,ZERO,-0.005040407180786133,-0.05488455295562744,-0.18584668636322021,0.31083399057388306,0.12180185317993164,0.03737283945083618,0.18844530120232295,5,TensorBoard
115,ZERO,-0.040367722511291504,0.5152093768119812,0.20021426677703857,-0.46578168869018555,-0.09671926498413086,0.022510993480682372,0.36432453979848817,5,TensorBoard
116,ZERO,0.08032733201980591,-0.06867194175720215,0.0939551591873169,0.3541219234466553,0.13766878843307495,0.11948025226593018,0.15245758947866184,5,TensorBoard
117,ZERO,-0.0814507007598877,0.42561423778533936,-0.07543742656707764,0.15845680236816406,0.014888286590576172,0.08841423988342285,0.21196540496650906,5,TensorBoard
118,ZERO,-0.004590272903442383,0.26859956979751587,-0.1852712631225586,0.18892037868499756,0.028352439403533936,0.059202170372009276,0.1771034484832233,5,TensorBoard
119,ZERO,0.02711951732635498,-0.12686264514923096,-0.3150531053543091,0.05379301309585571,-0.12954401969909668,-0.0981094479560852,0.148016958955857,5,TensorBoard
120,ZERO,0.07153552770614624,-0.3966848850250244,0.3487762212753296,0.19560867547988892,0.08203381299972534,0.06025387048721313,0.2788192685743905,5,TensorBoard
121,ZERO,0.18441981077194214,0.25399249792099,0.43643897771835327,0.20488208532333374,0.1874656081199646,0.25343979597091676,0.10602264980001998,5,TensorBoard
122,ZERO,0.1457761526107788,0.23595380783081055,0.03660941123962402,-0.021558284759521484,0.08954805135726929,0.09726582765579224,0.09930450907058226,5,TensorBoard
123,ZERO,-0.27971887588500977,0.29857200384140015,-0.0023761987686157227,-0.1550995111465454,-0.08479201793670654,-0.04468291997909546,0.21717289500488743,5,TensorBoard
124,ZERO,0.10094720125198364,0.3746117949485779,0.15470224618911743,-0.17308735847473145,0.013976097106933594,0.09422999620437622,0.2001344693961294,5,TensorBoard
125,ZERO,-0.08374297618865967,-0.20039737224578857,0.3817148208618164,-0.18486571311950684,-0.0020579099655151367,-0.01786983013153076,0.23741372646999653,5,TensorBoard
126,ZERO,0.09819537401199341,-0.004668116569519043,-0.023027658462524414,0.22707599401474,0.04366332292556763,0.06824778318405152,0.10046838946022608,5,TensorBoard
127,ZERO,0.11705267429351807,0.21612751483917236,0.2766813039779663,-0.13411390781402588,0.05101650953292847,0.10535281896591187,0.15973268090353357,5,TensorBoard
128,ZERO,0.025687694549560547,0.4217141270637512,-0.1910492181777954,-0.015365362167358398,-0.046109676361083984,0.038975512981414794,0.22900284383092054,5,TensorBoard
129,ZERO,-0.015963435173034668,0.20752102136611938,0.07727408409118652,0.10681140422821045,0.1497383713722229,0.10507628917694092,0.08354072785462219,5,TensorBoard
130,ZERO,0.0327567458152771,0.13747245073318481,0.040006041526794434,0.1884031891822815,0.12443166971206665,0.1046140193939209,0.06676582081849085,5,TensorBoard
131,ZERO,0.4111626148223877,0.14073973894119263,-0.15464162826538086,0.14649099111557007,0.11168253421783447,0.1310868501663208,0.20049326087931799,5,TensorBoard
132,ZERO,0.416123628616333,0.33396458625793457,-0.1922130584716797,0.0750654935836792,0.11187410354614258,0.14896295070648194,0.23918503243806885,5,TensorBoard
133,ZERO,0.29869967699050903,-0.15586388111114502,0.4467827081680298,-0.2460397481918335,0.07348394393920898,0.08341253995895385,0.2933756224460221,5,TensorBoard
134,ZERO,0.02662712335586548,-0.20516645908355713,-0.6274195909500122,-0.3369913101196289,0.061978042125701904,-0.21619443893432616,0.28291423895334994,5,TensorBoard
135,ZERO,-0.22447586059570312,0.15297043323516846,0.08007770776748657,-0.05072629451751709,0.07260125875473022,0.006089448928833008,0.14820635740631752,5,TensorBoard
136,ZERO,0.07134974002838135,0.18905675411224365,-0.16930580139160156,0.0699109435081482,0.12376511096954346,0.056955349445343015,0.13553918218150482,5,TensorBoard
137,ZERO,0.05306744575500488,-0.04222273826599121,0.5256116390228271,-0.05705618858337402,0.11462485790252686,0.11880500316619873,0.2380586226752431,5,TensorBoard
138,ZERO,0.13629615306854248,-0.05810236930847168,0.2588381767272949,0.4753226041793823,-0.06392407417297363,0.14968609809875488,0.2274521674301232,5,TensorBoard
139,ZERO,-0.0027371644973754883,-0.06509637832641602,-0.005420088768005371,-0.01725780963897705,0.03920465707778931,-0.010261356830596924,0.03735896081615718,5,TensorBoard
140,ZERO,-0.23525500297546387,-0.4034273624420166,0.08616876602172852,-0.1508723497390747,-0.09292161464691162,-0.15926151275634765,0.18034644062663985,5,TensorBoard
141,ZERO,0.24654674530029297,0.5138629674911499,0.07329773902893066,0.11828762292861938,0.0005663037300109863,0.1905122756958008,0.2016994372871335,5,TensorBoard
142,ZERO,0.039918363094329834,0.017823338508605957,-0.21054232120513916,-0.24650633335113525,0.06512945890426636,-0.06683549880981446,0.14909017021568782,5,TensorBoard
143,ZERO,0.11206328868865967,-0.4530068635940552,-0.08449995517730713,0.15233272314071655,-0.09065186977386475,-0.07275253534317017,0.2397248446650219,5,TensorBoard
144,ZERO,-0.025534391403198242,0.06395280361175537,-0.22608351707458496,-0.24220430850982666,-0.07054173946380615,-0.10008223056793213,0.13173128198817166,5,TensorBoard
145,ZERO,-0.07405996322631836,0.34689217805862427,0.07929235696792603,-0.07615506649017334,0.01618361473083496,0.05843062400817871,0.17399508157762822,5,TensorBoard
146,ZERO,-0.39328694343566895,0.26853644847869873,-0.30710411071777344,-0.11904478073120117,-0.03156399726867676,-0.11649267673492432,0.25904372504311757,5,TensorBoard
147,ZERO,0.022572040557861328,0.24563157558441162,-0.05593264102935791,0.07268720865249634,0.028493404388427734,0.06269031763076782,0.11226948944798681,5,TensorBoard
148,ZERO,0.04415309429168701,-0.12633299827575684,-0.4823737144470215,0.15350711345672607,-0.04664897918701172,-0.09153909683227539,0.24209370730925275,5,TensorBoard
149,ZERO,0.11230790615081787,-0.11669886112213135,-0.05156552791595459,-0.13307607173919678,0.009534597396850586,-0.03589959144592285,0.10030819972411216,5,TensorBoard
150,ZERO,0.16380518674850464,-0.39967215061187744,0.17527753114700317,-0.3131067752838135,-0.02344381809234619,-0.07942800521850586,0.266614705790887,5,TensorBoard
151,ZERO,0.11125630140304565,0.1812971830368042,0.0868908166885376,-0.33149921894073486,-0.009450435638427734,0.007698929309844971,0.2015448601014488,5,TensorBoard
152,ZERO,-0.16987228393554688,-0.7167375087738037,0.19781255722045898,0.07902085781097412,0.06646847724914551,-0.1086615800857544,0.36514542193152066,5,TensorBoard
153,ZERO,0.1389574408531189,0.07688277959823608,0.005240499973297119,0.18697679042816162,0.03520858287811279,0.0886532187461853,0.07441537728180886,5,TensorBoard
154,ZERO,0.025099337100982666,0.3874380588531494,0.45055073499679565,0.016002118587493896,0.027599632740020752,0.18133797645568847,0.21813682058424427,5,TensorBoard
155,ZERO,-0.14477932453155518,0.2304767370223999,0.11563068628311157,-0.19236338138580322,0.09264945983886719,0.02032283544540405,0.1809513328456841,5,TensorBoard
156,ZERO,-0.0394594669342041,0.4472424387931824,0.4016607403755188,-0.03590214252471924,-0.02069854736328125,0.15056860446929932,0.25063772131757656,5,TensorBoard
157,ZERO,0.030589044094085693,-0.2949802875518799,0.1692878007888794,0.06676208972930908,-0.04754352569580078,-0.015176975727081298,0.17476647251276808,5,TensorBoard
158,ZERO,-0.03954434394836426,-0.05037891864776611,-0.11914443969726562,0.027343273162841797,-0.030016183853149414,-0.04234812259674072,0.05239035344464922,5,TensorBoard
159,ZERO,-0.20721805095672607,-0.006847262382507324,-0.04910290241241455,0.13292133808135986,-0.06056666374206543,-0.0381627082824707,0.12191363954320404,5,TensorBoard
160,ZERO,0.11031472682952881,-0.047606587409973145,-0.12406396865844727,-0.025401949882507324,-0.013393163681030273,-0.02003018856048584,0.08462592401557331,5,TensorBoard
161,ZERO,0.10884153842926025,0.2526686191558838,0.2758582830429077,-0.0532069206237793,-0.0588914155960083,0.10505402088165283,0.16039259851480314,5,TensorBoard
162,ZERO,-0.17571604251861572,0.06911426782608032,0.08210188150405884,0.01220703125,0.00987541675567627,-0.0004834890365600586,0.10324605951541208,5,TensorBoard
163,ZERO,-0.24810099601745605,-0.043619513511657715,0.00844496488571167,-0.02187955379486084,-0.03429234027862549,-0.06788948774337769,0.10263753012607577,5,TensorBoard
164,ZERO,0.18422895669937134,-0.28074896335601807,0.09082621335983276,0.11183434724807739,0.005340278148651123,0.02229616641998291,0.18101072796610296,5,TensorBoard
165,ZERO,-0.15013325214385986,0.03167557716369629,0.23597580194473267,-0.09036719799041748,-0.026949524879455566,4.028081893920898e-05,0.14842541388063452,5,TensorBoard
166,ZERO,0.028425157070159912,-0.259472131729126,0.2840041518211365,0.026485145092010498,0.09107691049575806,0.03410384654998779,0.19491872648531933,5,TensorBoard
167,ZERO,-0.4007323980331421,-0.037191033363342285,0.23737627267837524,0.09066218137741089,-0.03149831295013428,-0.028276658058166503,0.236395352388127,5,TensorBoard
168,ZERO,0.06105083227157593,0.2388562560081482,-0.21414363384246826,-0.10956144332885742,0.0181734561920166,-0.0011249065399169921,0.17245627588695278,5,TensorBoard
169,ZERO,-0.03153717517852783,0.10116338729858398,-0.5089075565338135,0.08141714334487915,0.030962049961090088,-0.06538043022155762,0.2531945506589917,5,TensorBoard
170,ZERO,-0.032119154930114746,0.195095956325531,0.10448324680328369,-0.1697852611541748,0.019485831260681152,0.02343212366104126,0.13826806534711256,5,TensorBoard
171,ZERO,0.01210850477218628,-0.11086070537567139,0.24355900287628174,-0.004190683364868164,-0.05210685729980469,0.017701852321624755,0.13502185776101386,5,TensorBoard
172,ZERO,0.07038861513137817,0.2043336033821106,0.2908816337585449,-0.030328989028930664,-0.04711306095123291,0.09763236045837402,0.14730750363916753,5,TensorBoard
173,ZERO,0.05807077884674072,0.1710515022277832,0.09365367889404297,-0.05828368663787842,-0.028851985931396484,0.0471280574798584,0.09290586573489402,5,TensorBoard
174,ZERO,-0.03184056282043457,0.21097171306610107,0.18746697902679443,0.0811847448348999,-0.05217313766479492,0.07912194728851318,0.12111806198320098,5,TensorBoard
175,ZERO,-0.050981998443603516,-0.2844243049621582,0.21579325199127197,-0.09199357032775879,0.019727468490600586,-0.03837583065032959,0.1813501758530034,5,TensorBoard
176,ZERO,-0.07323014736175537,0.09195339679718018,0.08085566759109497,-0.05272877216339111,0.07103705406188965,0.02357743978500366,0.07969132445934593,5,TensorBoard
177,ZERO,-0.023525714874267578,-0.0762782096862793,-0.09582304954528809,-0.11261451244354248,0.009854614734649658,-0.059677374362945554,0.051298338539463105,5,TensorBoard
178,ZERO,0.024752497673034668,0.14256733655929565,0.2700762152671814,-0.03310096263885498,0.0371628999710083,0.088291597366333,0.11976958888016054,5,TensorBoard
179,ZERO,-0.12733697891235352,-0.20296156406402588,0.057297348976135254,-0.001652836799621582,-0.00565946102142334,-0.05606269836425781,0.10607864949491991,5,TensorBoard
180,ZERO,0.046055734157562256,-0.10996747016906738,0.11357355117797852,0.0031583309173583984,0.1118132472038269,0.03292667865753174,0.09247198648606986,5,TensorBoard
181,ZERO,-0.2628591060638428,-0.0503009557723999,-0.17147374153137207,0.060978472232818604,0.005075991153717041,-0.08371586799621582,0.13203290008299953,5,TensorBoard
182,ZERO,0.029107511043548584,0.0431751012802124,0.11504018306732178,-0.009436964988708496,0.13266843557357788,0.06211085319519043,0.05988898056495038,5,TensorBoard
183,ZERO,-0.11867821216583252,-0.20515084266662598,0.036974966526031494,-0.024752497673034668,0.05266660451889038,-0.05178799629211426,0.10898968874640026,5,TensorBoard
184,ZERO,-0.11062681674957275,-0.1061173677444458,-0.22765004634857178,0.07742244005203247,0.026421546936035156,-0.06811004877090454,0.12126538105730039,5,TensorBoard
185,ZERO,0.01482480764389038,-0.06347370147705078,0.1145448088645935,-0.06725096702575684,-0.06824147701263428,-0.013919305801391602,0.0799688303645621,5,TensorBoard
186,ZERO,0.03516966104507446,0.15489733219146729,-0.03522133827209473,0.005173325538635254,-0.034752726554870605,0.025053250789642333,0.07836903035035468,5,TensorBoard
187,ZERO,-0.07476818561553955,0.17173898220062256,0.03690791130065918,-0.037156105041503906,0.18272936344146729,0.05589039325714111,0.11789685069745559,5,TensorBoard
188,ZERO,-0.10238277912139893,-0.06081664562225342,-0.22706973552703857,-0.06362032890319824,-0.0650334358215332,-0.10378458499908447,0.070996929942475,5,TensorBoard
189,ZERO,-0.006352901458740234,-0.10961413383483887,-0.4341411590576172,0.0690145492553711,-0.07294595241546631,-0.1108079195022583,0.19314910596597673,5,TensorBoard
190,ZERO,0.08039736747741699,0.057015299797058105,0.35312211513519287,0.06020379066467285,-0.046330928802490234,0.10088152885437011,0.149411634720929,5,TensorBoard
191,ZERO,0.08995002508163452,0.15258485078811646,-0.10464394092559814,-0.0029158592224121094,0.17474782466888428,0.061944580078125,0.11584811989291664,5,TensorBoard
192,ZERO,0.009571969509124756,-0.07635843753814697,0.3398279547691345,0.09767228364944458,0.040721237659454346,0.08228700160980225,0.1571206649730399,5,TensorBoard
193,ZERO,0.05504721403121948,-0.005988121032714844,0.059481143951416016,0.06240391731262207,0.04112035036087036,0.04241290092468262,0.028261816720608162,5,TensorBoard
194,ZERO,0.05279648303985596,-0.052320241928100586,0.10272592306137085,0.024713099002838135,-0.008072733879089355,0.023968505859375,0.05890872502133208,5,TensorBoard
195,ZERO,-0.07759296894073486,-0.11594963073730469,-0.2491990327835083,0.03763788938522339,0.10149025917053223,-0.06072269678115845,0.13678980000294683,5,TensorBoard
196,ZERO,0.036148905754089355,-0.12878108024597168,0.14295989274978638,-0.03017115592956543,-0.09487080574035645,-0.014942848682403564,0.10853935432573802,5,TensorBoard
197,ZERO,0.011845529079437256,-0.05813932418823242,0.2538928985595703,0.09633201360702515,0.04199957847595215,0.06918613910675049,0.11735875950527196,5,TensorBoard
198,ZERO,-0.018832087516784668,-0.15796113014221191,-0.0006355047225952148,-0.0429917573928833,0.05494755506515503,-0.033094584941864014,0.07857804602955683,5,TensorBoard
199,ZERO,0.05120539665222168,-0.08893907070159912,0.039718568325042725,-0.01801300048828125,0.0017299056053161621,-0.002859640121459961,0.055669310812240386,5,TensorBoard
200,ZERO,-0.11212897300720215,-0.09664905071258545,0.30858927965164185,-0.03337419033050537,0.07966452836990356,0.029220318794250487,0.1734448238025863,5,TensorBoard
