update,condition,seed0,seed1,seed2,seed3,seed4,mean,sample_std,valid_seed_count,source
1,OFF,-0.00019593816250562668,-6.471574306488037e-05,-0.00014765653759241104,-0.00028472859412431717,-6.4874067902565e-05,-0.00015158262103796006,9.324015499618148e-05,5,TensorBoard
2,OFF,4.5634806156158447e-07,-4.179961979389191e-05,-0.00010899081826210022,-6.021186709403992e-05,-4.806835204362869e-05,-5.172286182641983e-05,3.932613050973656e-05,5,TensorBoard
3,OFF,-1.9511207938194275e-05,-8.793454617261887e-05,-9.889714419841766e-05,-7.61253759264946e-05,-3.223679959774017e-05,-6.294101476669311e-05,3.507222613886981e-05,5,TensorBoard
4,OFF,-1.6480684280395508e-05,-1.0081566870212555e-05,5.989335477352142e-06,-5.3116120398044586e-05,2.135336399078369e-05,-1.0467134416103363e-05,2.8011635840340974e-05,5,TensorBoard
5,OFF,-4.0102750062942505e-06,-2.6267021894454956e-05,-9.347265586256981e-05,2.4335458874702454e-05,-1.1883676052093506e-06,-2.0120572298765182e-05,4.475660779954886e-05,5,TensorBoard
6,OFF,4.861503839492798e-06,-1.92420557141304e-05,-2.081785351037979e-05,-1.8382444977760315e-05,5.492940545082092e-06,-9.617581963539123e-06,1.3535797146196828e-05,5,TensorBoard
7,OFF,-6.165355443954468e-06,8.938834071159363e-06,-2.6918016374111176e-05,-2.2631138563156128e-07,1.4528632164001465e-07,-4.845112562179565e-06,1.346468263714844e-05,5,TensorBoard
8,OFF,-2.5598332285881042e-05,6.752088665962219e-06,-6.713112816214561e-05,-4.140101373195648e-05,-5.4819509387016296e-05,-3.643957898020744e-05,2.8668195145870065e-05,5,TensorBoard
9,OFF,-4.497915506362915e-05,-4.796311259269714e-06,-5.3301453590393066e-05,-1.2017786502838135e-05,-2.9752030968666077e-05,-2.8969347476959227e-05,2.0740473835997956e-05,5,TensorBoard
10,OFF,-5.521392449736595e-05,-2.1074898540973663e-05,-7.019378244876862e-05,-4.573166370391846e-05,5.451962351799011e-06,-3.735246136784554e-05,2.9853697462835235e-05,5,TensorBoard
11,OFF,-8.587166666984558e-05,2.984609454870224e-05,-1.776963472366333e-05,-4.331115633249283e-05,-4.7497451305389404e-06,-2.437122166156769e-05,4.332760820180346e-05,5,TensorBoard
12,OFF,-1.3671815395355225e-05,-1.870281994342804e-05,-4.198495298624039e-05,-4.657171666622162e-05,-1.177564263343811e-05,-2.6541389524936675e-05,1.6468257728088263e-05,5,TensorBoard
13,OFF,-9.877793490886688e-05,-1.8715858459472656e-05,-1.1257361620664597e-05,3.269314765930176e-05,2.771615982055664e-06,-1.865727826952934e-05,4.891356041601706e-05,5,TensorBoard
14,OFF,5.9664249420166016e-05,-1.958198845386505e-05,3.4440308809280396e-06,-4.2881350964307785e-05,6.2016770243644714e-06,1.369323581457138e-06,3.815440375131312e-05,5,TensorBoard
15,OFF,-7.033534348011017e-05,-1.88387930393219e-05,-2.363976091146469e-05,2.1295621991157532e-05,-1.775287091732025e-05,-2.1854229271411895e-05,3.256313182939725e-05,5,TensorBoard
16,OFF,-1.4018267393112183e-05,-2.09929421544075e-05,-2.4877488613128662e-05,-7.405877113342285e-06,-7.489696145057678e-06,-1.4956854283809661e-05,7.882099887198202e-06,5,TensorBoard
17,OFF,-2.5488436222076416e-05,-1.0151416063308716e-06,-1.4126300811767578e-05,-2.7300789952278137e-05,-1.2949109077453613e-05,-1.6175955533981323e-05,1.0664756664872902e-05,5,TensorBoard
18,OFF,-7.311813533306122e-06,-6.066635251045227e-06,-1.7035752534866333e-05,9.815208613872528e-06,-1.9073486328125e-06,-4.501268267631531e-06,9.735922705363681e-06,5,TensorBoard
19,OFF,-1.255003735423088e-05,-1.8232502043247223e-05,-2.753082662820816e-05,-5.846284329891205e-05,1.1533498764038086e-05,-2.1048542112112046e-05,2.5414533235377858e-05,5,TensorBoard
20,OFF,-8.143484592437744e-06,-5.644373595714569e-05,-4.988908767700195e-05,3.1989067792892456e-05,-1.6819685697555542e-05,-1.9861385226249695e-05,3.561938344864428e-05,5,TensorBoard
21,OFF,-7.581897079944611e-06,2.021435648202896e-06,3.6189332604408264e-05,-9.005889296531677e-06,-9.313225746154785e-06,2.4619512259960175e-06,1.9421478808187424e-05,5,TensorBoard
22,OFF,-2.3245811462402344e-06,-4.1853636503219604e-06,-6.601959466934204e-05,3.814697265625e-06,-1.0039657354354858e-06,-1.3943761587142944e-05,2.926143047223592e-05,5,TensorBoard
23,OFF,-5.715526640415192e-06,-2.545490860939026e-05,-5.2634626626968384e-05,-1.7061829566955566e-05,-1.2624543160200119e-05,-2.2698286920785903e-05,1.820334797320309e-05,5,TensorBoard
24,OFF,-6.55539333820343e-05,7.0962123572826385e-06,3.6135315895080566e-07,-2.2351741790771484e-07,8.490867912769318e-06,-9.965803474187852e-06,3.131837955298317e-05,5,TensorBoard
25,OFF,3.641471266746521e-06,-1.0319054126739502e-06,-2.6829540729522705e-05,-3.0314549803733826e-05,-1.9982457160949707e-05,-1.4903396368026733e-05,1.5344899844932604e-05,5,TensorBoard
26,OFF,1.1995434761047363e-05,-1.393631100654602e-05,-5.576759576797485e-06,-5.52590936422348e-05,-1.4774501323699951e-05,-1.551024615764618e-05,2.4689198585244305e-05,5,TensorBoard
27,OFF,1.7713755369186401e-06,-2.080574631690979e-06,2.2737309336662292e-05,-2.5356188416481018e-05,-1.3995915651321411e-05,-3.384798765182495e-06,1.8069237881611008e-05,5,TensorBoard
28,OFF,-4.5280903577804565e-06,-4.684086889028549e-05,-1.1613592505455017e-05,-9.875744581222534e-05,-2.7544796466827393e-05,-3.785695880651474e-05,3.773409730247533e-05,5,TensorBoard
29,OFF,-5.2560120820999146e-05,3.90075147151947e-05,-1.7925165593624115e-05,6.437674164772034e-05,-3.002956509590149e-05,5.738809704780579e-07,4.9117097366186895e-05,5,TensorBoard
30,OFF,4.3138861656188965e-06,-2.9493123292922974e-05,-4.457123577594757e-05,-9.657815098762512e-06,-1.0774470865726471e-05,-1.8036551773548125e-05,1.9090741273818087e-05,5,TensorBoard
31,OFF,-3.745965659618378e-05,-1.1721625924110413e-05,4.08664345741272e-06,-2.559088170528412e-05,-3.6796554923057556e-05,-2.1496415138244628e-05,1.771809388053268e-05,5,TensorBoard
32,OFF,2.2934749722480774e-05,-5.6158751249313354e-06,-7.842853665351868e-05,-0.0001453552395105362,-2.103624865412712e-05,-4.550023004412651e-05,6.694753710952596e-05,5,TensorBoard
33,OFF,-1.4353543519973755e-05,-3.2065436244010925e-05,-4.68716025352478e-05,2.5107525289058685e-05,-7.417798042297363e-05,-2.8472207486629485e-05,3.711667801435138e-05,5,TensorBoard
34,OFF,-2.6240944862365723e-05,-2.5768764317035675e-05,-0.00012082792818546295,-0.00016301125288009644,9.755603969097137e-06,-6.521865725517273e-05,7.306243688584132e-05,5,TensorBoard
35,OFF,1.0462477803230286e-05,-2.5287270545959473e-05,4.706531763076782e-05,6.386358290910721e-05,-3.7223100662231445e-05,1.177620142698288e-05,4.397378611680872e-05,5,TensorBoard
36,OFF,-4.7832727432250977e-05,-3.505311906337738e-05,-9.098369628190994e-05,-0.00017907097935676575,-4.5511871576309204e-05,-7.969047874212265e-05,5.953907970867608e-05,5,TensorBoard
37,OFF,6.817281246185303e-07,3.1575560569763184e-05,1.7015263438224792e-05,-0.0002434849739074707,-8.7713822722435e-05,-5.6385248899459836e-05,0.0001144215514189057,5,TensorBoard
38,OFF,1.1727213859558105e-05,-7.29244202375412e-05,1.521781086921692e-06,0.0003112349659204483,2.0626932382583618e-05,5.44372946023941e-05,0.00014826782655253038,5,TensorBoard
39,OFF,-2.6317313313484192e-05,-2.1938234567642212e-05,-6.126239895820618e-06,-0.00019507668912410736,1.105479896068573e-06,-4.967059940099716e-05,8.205442162430778e-05,5,TensorBoard
40,OFF,-7.479265332221985e-05,-4.2922794818878174e-05,-3.887154161930084e-05,0.0003926437348127365,-6.83218240737915e-06,4.58449125289917e-05,0.00019535500072565974,5,TensorBoard
41,OFF,-1.3716518878936768e-05,-5.798041820526123e-05,-2.4061650037765503e-05,-0.00021005980670452118,-2.7008354663848877e-07,-6.121769547462463e-05,8.59011043725526e-05,5,TensorBoard
42,OFF,0.00011267140507698059,-6.489455699920654e-05,4.865601658821106e-05,-8.375197649002075e-05,-4.579871892929077e-05,-6.623566150665283e-06,8.391381751410872e-05,5,TensorBoard
43,OFF,5.50784170627594e-06,-3.207474946975708e-05,5.268491804599762e-06,-0.0002007465809583664,-1.958012580871582e-05,-4.832502454519272e-05,8.67365464876195e-05,5,TensorBoard
44,OFF,-2.6514753699302673e-06,-5.317851901054382e-06,-0.00011274591088294983,-0.00038641318678855896,-2.7638860046863556e-05,-0.0001069534569978714,0.00016250445992426423,5,TensorBoard
45,OFF,-5.5519863963127136e-05,-4.26657497882843e-05,8.913129568099976e-05,-3.2179057598114014e-05,2.2567808628082275e-05,-3.733113408088684e-06,5.983796124711021e-05,5,TensorBoard
46,OFF,-0.00013919733464717865,4.459358751773834e-05,0.00014491938054561615,-0.0004011699929833412,-1.6034580767154694e-05,-7.337778806686402e-05,0.00021014226432408255,5,TensorBoard
47,OFF,-3.5241246223449707e-06,-4.8376619815826416e-05,3.634020686149597e-06,0.00044542551040649414,-2.479180693626404e-06,7.893592119216919e-05,0.00020592568822940834,5,TensorBoard
48,OFF,-0.000136583112180233,-5.412288010120392e-05,-9.64142382144928e-05,-0.0003313738852739334,-3.203190863132477e-05,-0.00013010520488023757,0.00011945481503609734,5,TensorBoard
49,OFF,-1.6920268535614014e-05,-4.848465323448181e-05,-5.144625902175903e-05,-0.00027740374207496643,7.202848792076111e-06,-7.741041481494904e-05,0.00011437507398109385,5,TensorBoard
50,OFF,0.0002594180405139923,3.810971975326538e-05,2.2291671484708786e-05,0.0001032799482345581,-9.721145033836365e-06,8.267564699053765e-05,0.00010704195958005892,5,TensorBoard
51,OFF,-8.553266525268555e-05,-4.051811993122101e-05,-0.00024926289916038513,2.580508589744568e-05,1.1275522410869598e-05,-6.764661520719528e-05,0.00011068227600285643,5,TensorBoard
52,OFF,0.00028961338102817535,-0.00015920214354991913,-0.00012056529521942139,0.0003040749579668045,-4.368089139461517e-05,5.404800176620483e-05,0.00022556644877604808,5,TensorBoard
53,OFF,-8.480437099933624e-05,-0.00014874059706926346,7.342174649238586e-05,-0.00017070770263671875,-5.363579839468002e-05,-7.689334452152253e-05,9.638631368809526e-05,5,TensorBoard
54,OFF,-3.305543214082718e-05,5.2247196435928345e-06,-1.9516795873641968e-05,-0.00012023467570543289,3.1853094696998596e-05,-2.714581787586212e-05,5.763545860311077e-05,5,TensorBoard
55,OFF,-5.691498517990112e-05,-3.237556666135788e-05,-0.00013946089893579483,-0.00010045431554317474,-0.0001550130546092987,-9.684376418590545e-05,5.2353076530250804e-05,5,TensorBoard
56,OFF,-4.085712134838104e-05,-6.230548024177551e-06,-0.0003462638705968857,-0.00020661484450101852,-3.837794065475464e-05,-0.00012766886502504348,0.00014514876591575,5,TensorBoard
57,OFF,-5.4098665714263916e-05,-1.5737488865852356e-05,-0.0004158210940659046,-9.02712345123291e-05,-0.00021042115986347198,-0.00015726992860436438,0.00016189373408241576,5,TensorBoard
58,OFF,2.2640451788902283e-05,-1.7605721950531006e-05,-0.00017754174768924713,-6.759725511074066e-05,-0.00015507452189922333,-7.903575897216797e-05,8.620885095859272e-05,5,TensorBoard
59,OFF,1.2811273336410522e-05,-6.3309445977211e-05,-0.0001939171925187111,0.00010015349835157394,-0.0001467876136302948,-5.8209896087646486e-05,0.00011875548299283164,5,TensorBoard
60,OFF,-2.1439045667648315e-06,1.146458089351654e-05,6.020069122314453e-05,-7.991679012775421e-06,0.00010403059422969818,3.31120565533638e-05,4.786529585425464e-05,5,TensorBoard
61,OFF,-0.0001085205003619194,-9.504333138465881e-05,-9.696744382381439e-05,-1.7179176211357117e-05,-0.00032416731119155884,-0.00012837555259466172,0.0001153156279757454,5,TensorBoard
62,OFF,-4.947371780872345e-05,-0.00037849508225917816,5.150027573108673e-05,0.00011938437819480896,-0.00012797117233276367,-7.701106369495392e-05,0.0001932189079105737,5,TensorBoard
63,OFF,1.3438984751701355e-06,-2.6434659957885742e-05,5.3301453590393066e-05,5.8030709624290466e-05,-0.00016252882778644562,-1.5257485210895539e-05,8.966726146060887e-05,5,TensorBoard
64,OFF,0.00017246976494789124,-0.0001612640917301178,6.193388253450394e-05,-2.6380643248558044e-05,-3.0429568141698837e-05,3.2658688724040983e-06,0.00012364899955777817,5,TensorBoard
65,OFF,6.369594484567642e-05,4.433467984199524e-05,-0.00030637066811323166,7.033534348011017e-05,-1.3101845979690552e-05,-2.8221309185028078e-05,0.0001589199727508939,5,TensorBoard
66,OFF,-5.078501999378204e-06,-4.081055521965027e-05,-0.00019672885537147522,0.00018090195953845978,3.5910867154598236e-05,-5.161017179489136e-06,0.00013626762637240682,5,TensorBoard
67,OFF,-0.00017064623534679413,-2.2025778889656067e-05,8.555129170417786e-06,1.5150755643844604e-05,-0.0001375824213027954,-6.130971014499665e-05,8.666390261616116e-05,5,TensorBoard
68,OFF,8.079223334789276e-06,-5.623325705528259e-05,-0.00025035301223397255,-7.669627666473389e-05,0.00012420210987329483,-5.020024254918098e-05,0.0001365762103869035,5,TensorBoard
69,OFF,-0.0006157532334327698,-5.3272582590579987e-05,-0.0002757720649242401,-0.00014491192996501923,-0.00015084724873304367,-0.00024811141192913053,0.0002202261568141614,5,TensorBoard
70,OFF,-8.644163608551025e-05,-9.341724216938019e-05,-4.101358354091644e-05,-9.172782301902771e-05,0.00011089816689491272,-4.034042358398437e-05,8.725923974045058e-05,5,TensorBoard
71,OFF,0.00016960687935352325,-0.0002230573445558548,-0.0002205967903137207,-8.501298725605011e-05,9.986385703086853e-05,-5.1839277148246765e-05,0.00018093331716966955,5,TensorBoard
72,OFF,-3.511272370815277e-05,-4.9814581871032715e-05,-5.6765973567962646e-05,-0.00011299271136522293,-3.1256116926670074e-05,-5.7188421487808226e-05,3.289563646584357e-05,5,TensorBoard
73,OFF,-0.0001265592873096466,-7.362756878137589e-05,-4.1789840906858444e-05,-1.468602567911148e-05,-0.00019381195306777954,-9.009493514895439e-05,7.137564132238264e-05,5,TensorBoard
74,OFF,1.4360994100570679e-06,-0.000131119042634964,-6.211362779140472e-05,-4.8216432332992554e-05,-0.0001839771866798401,-8.479803800582885e-05,7.292335325153911e-05,5,TensorBoard
75,OFF,2.7917325496673584e-05,-0.00011400878429412842,-9.455252438783646e-05,-0.0001475755125284195,0.0002627260982990265,-1.309867948293686e-05,0.00016782670931030061,5,TensorBoard
76,OFF,-5.2072107791900635e-05,0.00023647397756576538,-6.956979632377625e-05,1.5715137124061584e-05,0.00018063746392726898,6.223693490028381e-05,0.00013872732392736277,5,TensorBoard
77,OFF,8.174963295459747e-05,-3.4887343645095825e-06,0.00015433412045240402,-0.00014989450573921204,-6.280094385147095e-05,3.9799138903617855e-06,0.00011921337730940629,5,TensorBoard
78,OFF,-4.4315122067928314e-05,2.891756594181061e-06,-0.00012609641999006271,-3.527291119098663e-05,-9.67569649219513e-05,-5.990993231534958e-05,5.131419883680288e-05,5,TensorBoard
79,OFF,1.6197562217712402e-05,-5.1505863666534424e-05,-2.9454007744789124e-05,9.27080400288105e-05,2.3370608687400818e-05,1.0263267904520035e-05,5.567101194083367e-05,5,TensorBoard
80,OFF,4.02890145778656e-06,0.00012395530939102173,4.0590763092041016e-05,2.4505890905857086e-05,-0.00015792623162269592,7.030926644802093e-06,0.00010286255939090143,5,TensorBoard
81,OFF,-0.00010518357157707214,-3.7886202335357666e-05,-5.664397031068802e-05,-7.253140211105347e-06,4.641525447368622e-05,-3.211032599210739e-05,5.647810669596846e-05,5,TensorBoard
82,OFF,4.063919186592102e-05,-3.596767783164978e-06,4.4733285903930664e-05,5.273148417472839e-06,-2.0219944417476654e-05,1.3365782797336578e-05,2.8323925484096507e-05,5,TensorBoard
83,OFF,5.022622644901276e-06,-1.621060073375702e-05,5.4426491260528564e-06,-6.644800305366516e-05,-3.6325305700302124e-05,-2.1703727543354035e-05,3.0402461831039507e-05,5,TensorBoard
84,OFF,1.8719583749771118e-06,-1.9650906324386597e-06,-1.4619901776313782e-05,5.189329385757446e-06,-0.0002718903124332428,-5.6282803416252134e-05,0.0001207617578849553,5,TensorBoard
85,OFF,-0.00011560600250959396,-7.779337465763092e-06,9.022466838359833e-05,-9.444542229175568e-05,-0.0001539960503578186,-5.63204288482666e-05,9.790368287505495e-05,5,TensorBoard
86,OFF,-0.0001505659893155098,9.226612746715546e-06,8.746981620788574e-05,3.4961849451065063e-05,-5.576014518737793e-05,-1.4933571219444274e-05,9.168244547117882e-05,5,TensorBoard
87,OFF,-0.00010131299495697021,-3.9905309677124023e-05,-0.0001123407855629921,-2.874433994293213e-05,-0.00038303062319755554,-0.0001330668106675148,0.00014446627951552384,5,TensorBoard
88,OFF,-1.875031739473343e-05,2.8703361749649048e-06,-3.2957643270492554e-05,1.2015923857688904e-05,7.405504584312439e-05,7.446669042110443e-06,4.122283142863006e-05,5,TensorBoard
89,OFF,-0.00022704247385263443,-1.4103949069976807e-05,-0.00023558642715215683,-6.728619337081909e-05,-6.872043013572693e-05,-0.0001225478947162628,0.00010174498490127731,5,TensorBoard
90,OFF,-0.0006097014993429184,-5.007721483707428e-06,0.00018476881086826324,2.8942711651325226e-05,5.994923412799835e-05,-6.82096928358078e-05,0.0003110744642732758,5,TensorBoard
91,OFF,-0.00017461180686950684,-5.536898970603943e-05,-0.00023903138935565948,-1.6653910279273987e-05,0.00010930001735687256,-7.527321577072144e-05,0.00013655088307666958,5,TensorBoard
92,OFF,-7.269158959388733e-05,-4.651583731174469e-05,8.790940046310425e-05,0.00015932414680719376,-9.980052709579468e-06,2.3609213531017304e-05,9.730450066471956e-05,5,TensorBoard
93,OFF,-7.850676774978638e-05,7.480662316083908e-05,1.726299524307251e-05,0.00018334388732910156,1.475214958190918e-06,3.9676390588283536e-05,9.72155233046117e-05,5,TensorBoard
94,OFF,1.0154210031032562e-05,4.651118069887161e-05,1.985207200050354e-05,-6.325170397758484e-05,5.783513188362122e-06,3.8098543882369997e-06,4.068831159756055e-05,5,TensorBoard
95,OFF,3.084540367126465e-06,2.8372742235660553e-05,0.00013905204832553864,3.154575824737549e-05,-0.0001586293801665306,8.685141801834107e-06,0.00010715789251101074,5,TensorBoard
96,OFF,3.846362233161926e-06,-2.0116567611694336e-05,-3.833509981632233e-05,-6.155343726277351e-06,-0.00012040510773658752,-3.6233151331543925e-05,4.964907506995225e-05,5,TensorBoard
97,OFF,-7.03614205121994e-06,8.78702849149704e-06,-5.022995173931122e-05,1.537613570690155e-06,0.000341782346367836,5.8968178927898406e-05,0.00015975064407557318,5,TensorBoard
98,OFF,7.31833279132843e-06,1.064687967300415e-05,-0.00017621740698814392,-1.0952353477478027e-05,-0.00017745885998010635,-6.933268159627914e-05,9.84834832760305e-05,5,TensorBoard
99,OFF,-2.020038664340973e-06,-1.3425946235656738e-05,-9.69255343079567e-05,2.0951032638549805e-05,0.00041994452476501465,6.570480763912201e-05,0.00020296898574885555,5,TensorBoard
100,OFF,-1.3342127203941345e-05,4.81288880109787e-05,-0.0003505675122141838,-5.375128239393234e-06,-8.40015709400177e-05,-8.103149011731147e-05,0.00015783426973439767,5,TensorBoard
101,OFF,-2.8926879167556763e-06,2.6345252990722656e-05,-0.00013646110892295837,1.05295330286026e-05,-0.0003312230110168457,-8.67404043674469e-05,0.00015126478406319278,5,TensorBoard
102,OFF,8.549541234970093e-07,9.877607226371765e-06,5.233846604824066e-05,4.777032881975174e-05,-0.0001665595918893814,-1.1143647134304046e-05,8.977863151662214e-05,5,TensorBoard
103,OFF,6.061047315597534e-06,-2.2852793335914612e-05,-5.374103784561157e-05,0.00012940261512994766,1.483224332332611e-05,1.4740414917469024e-05,6.950848633676932e-05,5,TensorBoard
104,OFF,4.1775405406951904e-05,-4.377216100692749e-05,4.9238093197345734e-05,-0.0003146408125758171,0.00040570832788944244,2.7661770582199095e-05,0.00025780699995168327,5,TensorBoard
105,OFF,5.226396024227142e-05,5.856156349182129e-06,-1.8650665879249573e-05,-0.00044909771531820297,-0.0002584848552942276,-0.00013362262398004533,0.000213507501957821,5,TensorBoard
106,OFF,2.9243528842926025e-06,-3.7364661693573e-05,-3.3738091588020325e-05,8.051842451095581e-05,-0.00021268799901008606,-4.0069594979286195e-05,0.0001075110087466504,5,TensorBoard
107,OFF,2.4364329874515533e-05,-4.2572617530822754e-05,-5.2284449338912964e-05,6.441120058298111e-05,-0.00031722337007522583,-6.466098129749298e-05,0.00014917604427905332,5,TensorBoard
108,OFF,5.854293704032898e-06,3.1230971217155457e-05,-0.00016948673874139786,-4.8177316784858704e-05,-0.000655490905046463,-0.00016721393913030625,0.0002836909736760168,5,TensorBoard
109,OFF,-6.547197699546814e-07,2.5656074285507202e-05,-6.078742444515228e-05,-0.00018156599253416061,0.00019682571291923523,-4.105269908905029e-06,0.00013781879269746832,5,TensorBoard
110,OFF,-2.5363638997077942e-05,2.9299408197402954e-06,3.610365092754364e-05,-6.397813558578491e-05,6.377324461936951e-05,2.6930123567581176e-06,5.01979564604625e-05,5,TensorBoard
111,OFF,-3.6228448152542114e-06,2.7179718017578125e-05,-2.5492161512374878e-05,-1.5594065189361572e-05,-4.566926509141922e-05,-1.263972371816635e-05,2.7072845894946e-05,5,TensorBoard
112,OFF,3.236159682273865e-05,3.104284405708313e-05,5.986727774143219e-05,2.5881454348564148e-05,3.762543201446533e-05,3.735572099685669e-05,1.3259858763733267e-05,5,TensorBoard
113,OFF,-3.734603524208069e-06,-3.53790819644928e-05,1.5395693480968475e-05,1.4796853065490723e-05,-7.417052984237671e-05,-1.6618333756923675e-05,3.8216564979571795e-05,5,TensorBoard
114,OFF,6.5425410866737366e-06,7.375702261924744e-05,9.374134242534637e-05,-8.183810859918594e-05,-1.300964504480362e-05,1.5838630497455596e-05,7.050311750614706e-05,5,TensorBoard
115,OFF,1.323409378528595e-06,-5.967170000076294e-05,-0.00016261450946331024,0.00010430719703435898,-0.00020458921790122986,-6.42489641904831e-05,0.0001246024019814715,5,TensorBoard
116,OFF,-0.00010536983609199524,-8.523184806108475e-05,2.0759180188179016e-06,4.727765917778015e-05,-0.00036511290818452835,-0.00010127220302820205,0.000160182627777601,5,TensorBoard
117,OFF,8.381903171539307e-07,-6.199628114700317e-05,-1.7765909433364868e-05,-2.2398307919502258e-05,-0.000408809632062912,-0.00010202638804912567,0.0001730173034340619,5,TensorBoard
118,OFF,-0.00019308924674987793,0.00010453164577484131,-2.1599233150482178e-05,-2.2314488887786865e-05,0.0008676014840602875,0.00014702603220939636,0.0004164804466818536,5,TensorBoard
119,OFF,-0.0005089957267045975,7.760338485240936e-05,6.669759750366211e-05,-1.1193566024303436e-05,-2.2378750145435333e-05,-7.965341210365295e-05,0.0002441568546736367,5,TensorBoard
120,OFF,-2.047419548034668e-05,-5.757249891757965e-05,-7.842667400836945e-06,-4.887860268354416e-05,0.0002554748207330704,2.4141371250152587e-05,0.00013089859199380647,5,TensorBoard
121,OFF,-3.9638951420783997e-05,-2.649053931236267e-05,-3.486219793558121e-05,-0.0001066010445356369,-0.00033374037593603134,-0.00010826662182807922,0.00013002546116375584,5,TensorBoard
122,OFF,-9.744800627231598e-05,5.06741926074028e-05,2.736225724220276e-05,3.100186586380005e-05,-1.399219036102295e-05,-4.803761839866638e-07,5.9094043938444876e-05,5,TensorBoard
123,OFF,7.361918687820435e-05,5.167489871382713e-05,-0.00011495128273963928,-6.734300404787064e-05,-0.0003954460844397545,-9.048925712704659e-05,0.00018793285692840007,5,TensorBoard
124,OFF,0.00016917288303375244,3.564637154340744e-05,-0.0001904815435409546,-2.808868885040283e-06,-0.00017845630645751953,-3.3385492861270906e-05,0.000152032014703179,5,TensorBoard
125,OFF,1.7159152776002884e-05,6.316229701042175e-06,-2.1925196051597595e-05,-9.004026651382446e-06,9.129568934440613e-05,1.676836982369423e-05,4.422988175322128e-05,5,TensorBoard
126,OFF,6.712973117828369e-06,5.972571671009064e-06,1.1117197573184967e-05,-2.5959685444831848e-05,-0.0005332082509994507,-0.00010707303881645203,0.00023867660845675045,5,TensorBoard
127,OFF,-2.3655127733945847e-05,-1.19013711810112e-05,-9.420700371265411e-05,1.3280659914016724e-05,-0.001295618712902069,-0.0002824203111231327,0.0005677971098306031,5,TensorBoard
128,OFF,3.071501851081848e-06,4.569068551063538e-06,3.929063677787781e-05,6.959587335586548e-05,3.614090383052826e-05,3.0533596873283384e-05,2.76690823718862e-05,5,TensorBoard
129,OFF,1.2462027370929718e-05,-1.5087425708770752e-05,-0.00022912584245204926,-2.5598332285881042e-05,-0.0006554927676916122,-0.0001825684681534767,0.0002813145034975827,5,TensorBoard
130,OFF,-7.61914998292923e-05,-0.0002613654360175133,1.8903985619544983e-05,-2.429727464914322e-05,0.001368347555398941,0.00020507946610450744,0.0006590052824705298,5,TensorBoard
131,OFF,-6.14561140537262e-05,0.00016321521252393723,-3.456510603427887e-05,-0.00014357920736074448,-0.001138852909207344,-0.00024304762482643127,0.0005132862271765388,5,TensorBoard
132,OFF,-5.648471415042877e-05,-0.00023110350593924522,5.747191607952118e-05,2.5313347578048706e-06,-0.0003427024930715561,-0.00011405749246478081,0.00016756209520970598,5,TensorBoard
133,OFF,-0.00011068210005760193,0.00014082901179790497,-5.249306559562683e-05,-6.258487701416016e-06,0.00012057647109031677,1.8394365906715392e-05,0.0001092302045408164,5,TensorBoard
134,OFF,-3.376603126525879e-05,2.2683292627334595e-05,3.791600465774536e-05,5.977507680654526e-05,0.00013830140233039856,4.4981949031353e-05,6.260143576931135e-05,5,TensorBoard
135,OFF,-1.55717134475708e-05,-0.00013372115790843964,-5.2247196435928345e-05,0.0001167692244052887,2.7760863304138184e-05,-1.140199601650238e-05,9.301785527693544e-05,5,TensorBoard
136,OFF,5.065463483333588e-06,9.911134839057922e-05,-6.60531222820282e-05,-7.248949259519577e-05,-0.00020054355263710022,-4.698187112808228e-05,0.00011028111265176371,5,TensorBoard
137,OFF,-1.615472137928009e-05,-1.710467040538788e-05,4.2079947888851166e-05,3.585405647754669e-05,4.0240585803985596e-05,1.6983039677143098e-05,3.076916766510553e-05,5,TensorBoard
138,OFF,9.124726057052612e-05,-9.72021371126175e-06,-1.8328428268432617e-06,-2.2973865270614624e-05,0.00015737861394882202,4.28197905421257e-05,7.834548285098051e-05,5,TensorBoard
139,OFF,1.6149133443832397e-05,-0.0003746822476387024,-2.054404467344284e-05,-2.3585744202136993e-06,-7.028505206108093e-05,-9.03441570699215e-05,0.000162176490906722,5,TensorBoard
140,OFF,3.0141789466142654e-05,-6.505846977233887e-05,-0.0003414391539990902,-9.015202522277832e-07,1.7989426851272583e-05,-7.185358554124832e-05,0.00015510606958343785,5,TensorBoard
141,OFF,1.42659991979599e-05,-0.00013821758329868317,4.0306709706783295e-05,-2.63117253780365e-05,-6.729923188686371e-05,-3.545116633176804e-05,7.048016998941823e-05,5,TensorBoard
142,OFF,-1.0330229997634888e-05,-7.004663348197937e-05,-5.954410880804062e-06,-8.852221071720123e-06,2.888217568397522e-05,-1.3260263949632645e-05,3.5644313757502773e-05,5,TensorBoard
143,OFF,9.138090535998344e-05,-0.00022257305681705475,-2.7754344046115875e-05,-2.7533620595932007e-05,-9.698234498500824e-05,-5.6692492216825484e-05,0.0001148401293449573,5,TensorBoard
144,OFF,1.7413869500160217e-05,-0.00014904793351888657,-2.1544285118579865e-05,0.00015079136937856674,1.2864358723163605e-05,2.0954757928848267e-06,0.0001070797124446532,5,TensorBoard
145,OFF,-1.142360270023346e-05,-3.086775541305542e-05,-2.937018871307373e-05,6.665289402008057e-05,-3.4362077713012695e-05,-7.874146103858947e-06,4.260068893109942e-05,5,TensorBoard
146,OFF,2.9182061553001404e-05,-7.895193994045258e-05,-2.0401552319526672e-05,6.388872861862183e-07,1.4724209904670715e-05,-1.0961666703224182e-05,4.218306746672402e-05,5,TensorBoard
147,OFF,2.728961408138275e-05,-8.754432201385498e-05,2.0069070160388947e-05,5.321670323610306e-05,-5.815783515572548e-05,-9.02535393834114e-06,6.0453629244730423e-05,5,TensorBoard
148,OFF,7.28946179151535e-05,-3.557652235031128e-07,3.5701319575309753e-05,5.1800161600112915e-06,-0.00013858359307050705,-5.032680928707123e-06,8.014664927245535e-05,5,TensorBoard
149,OFF,-1.2024305760860443e-05,-4.59086149930954e-05,1.8808990716934204e-05,6.247498095035553e-05,0.00015608035027980804,3.5886280238628386e-05,7.815215357364224e-05,5,TensorBoard
150,OFF,-7.479917258024216e-05,-2.411194145679474e-05,5.655549466609955e-05,-2.882443368434906e-06,0.0001230509951710701,1.556258648633957e-05,7.634414076743368e-05,5,TensorBoard
151,OFF,0.00028618983924388885,4.582013934850693e-05,3.061257302761078e-05,-5.5693089962005615e-06,0.0002517029643058777,0.00012175124138593673,0.00013620739189899742,5,TensorBoard
152,OFF,1.768535003066063e-05,-4.9639493227005e-07,0.00010188296437263489,9.339302778244019e-06,-4.716217517852783e-05,1.624980941414833e-05,5.404712817755562e-05,5,TensorBoard
153,OFF,-7.87610188126564e-05,1.0726973414421082e-05,7.572583854198456e-06,1.430511474609375e-05,-0.0005417857319116592,-0.00011758841574192048,0.00024030030591779724,5,TensorBoard
154,OFF,6.525777280330658e-05,6.370246410369873e-06,9.238719940185547e-06,7.824040949344635e-06,-0.0004925644025206566,-8.077472448348999e-05,0.00023153975715149862,5,TensorBoard
155,OFF,-5.544349551200867e-05,-6.42482191324234e-05,-2.189725637435913e-05,-3.859400749206543e-06,-0.00015154201537370682,-5.939807742834091e-05,5.705375552878682e-05,5,TensorBoard
156,OFF,9.740982204675674e-05,-3.361795097589493e-05,1.210719347000122e-05,-1.0379590094089508e-05,-0.0002044346183538437,-2.778302878141403e-05,0.00011046174657248677,5,TensorBoard
157,OFF,-1.7018988728523254e-05,0.00016188900917768478,-7.480941712856293e-05,2.4723820388317108e-05,-7.139099761843681e-05,4.678685218095779e-06,9.70729590561768e-05,5,TensorBoard
158,OFF,1.7928890883922577e-05,5.142763257026672e-06,0.00017646141350269318,-1.918245106935501e-05,-1.5798956155776978e-05,3.2910332083702085e-05,8.168330192419455e-05,5,TensorBoard
159,OFF,9.587034583091736e-06,-1.422688364982605e-05,-0.0001151449978351593,1.504458487033844e-05,-8.095800876617432e-05,-3.71396541595459e-05,5.79578621474113e-05,5,TensorBoard
160,OFF,-0.00010006129741668701,1.8851831555366516e-05,-8.060038089752197e-05,1.1945143342018127e-05,7.336586713790894e-05,-1.529976725578308e-05,7.283354089030898e-05,5,TensorBoard
161,OFF,9.866803884506226e-05,4.734843969345093e-06,-9.125471115112305e-05,-1.8695369362831116e-05,-2.3752450942993164e-05,-6.059929728507996e-06,6.85844460575052e-05,5,TensorBoard
162,OFF,4.2368192225694656e-05,3.61073762178421e-05,-2.6732683181762695e-05,-5.652196705341339e-05,4.508625715970993e-05,8.06143507361412e-06,4.667979313079393e-05,5,TensorBoard
163,OFF,1.2796372175216675e-05,-3.3713877201080322e-06,-0.00028455257415771484,1.4402437955141068e-05,-8.822977542877197e-05,-6.979098543524742e-05,0.00012726281478395054,5,TensorBoard
164,OFF,-0.0001529436558485031,-7.588323205709457e-05,-9.769760072231293e-05,-2.1979212760925293e-07,-3.346987068653107e-05,-7.204283028841018e-05,5.8873341868713836e-05,5,TensorBoard
165,OFF,0.0001081712543964386,-0.00014653056859970093,4.1909515857696533e-07,-7.330439984798431e-06,-3.671925514936447e-05,-1.6397982835769654e-05,9.114545147220255e-05,5,TensorBoard
166,OFF,-0.00013629905879497528,-0.0001292657107114792,2.9578804969787598e-06,-7.52769410610199e-05,-3.6932528018951416e-05,-7.49632716178894e-05,5.96426346547961e-05,5,TensorBoard
167,OFF,-0.00015632342547178268,6.755255162715912e-05,-7.404573261737823e-05,-7.181800901889801e-05,3.340281546115875e-05,-4.024636000394821e-05,9.035742655386717e-05,5,TensorBoard
168,OFF,-3.271549940109253e-05,-8.773617446422577e-05,-5.343928933143616e-06,5.474686622619629e-05,-6.740447133779526e-05,-2.7690641582012175e-05,5.590890302295741e-05,5,TensorBoard
169,OFF,2.879975363612175e-05,2.491287887096405e-05,1.011136919260025e-05,-3.228429704904556e-05,-0.00017825979739427567,-2.9344018548727037e-05,8.669744980411584e-05,5,TensorBoard
170,OFF,-0.00015632808208465576,9.264051914215088e-05,-3.5157427191734314e-06,4.415307193994522e-05,5.099363625049591e-05,5.588680505752564e-06,9.673000236853414e-05,5,TensorBoard
171,OFF,-0.00029811542481184006,-4.460848867893219e-05,-4.154909402132034e-05,8.625537157058716e-05,-0.00010546855628490448,-8.069723844528198e-05,0.0001401717116727582,5,TensorBoard
172,OFF,-0.00022626575082540512,-3.339536488056183e-05,4.338659346103668e-05,6.34416937828064e-06,-6.623566150665283e-05,-5.523320287466049e-05,0.00010412458250288525,5,TensorBoard
173,OFF,-0.0002475054934620857,6.582774221897125e-05,2.3009255528450012e-05,-4.8745423555374146e-05,-0.00016338005661964417,-7.415879517793655e-05,0.00013008959555528126,5,TensorBoard
174,OFF,-0.0002703610807657242,-3.824010491371155e-05,2.366490662097931e-05,-8.850265294313431e-05,-0.00010132230818271637,-9.495224803686142e-05,0.00010970042171657743,5,TensorBoard
175,OFF,-1.5783123672008514e-05,-9.625032544136047e-05,2.298504114151001e-05,-3.683101385831833e-05,-0.00011839345097541809,-4.885457456111908e-05,5.805434909343845e-05,5,TensorBoard
176,OFF,-4.280358552932739e-06,1.8155202269554138e-05,6.909668445587158e-05,9.346473962068558e-05,0.00011035241186618805,5.735773593187332e-05,4.8954181748036515e-05,5,TensorBoard
177,OFF,-2.1603889763355255e-05,-8.482486009597778e-06,-1.2906268239021301e-05,8.868146687746048e-05,5.466863512992859e-06,1.0231137275695801e-05,4.4933730915941505e-05,5,TensorBoard
178,OFF,-2.598017454147339e-05,-1.5780329704284668e-05,-8.64686444401741e-05,-0.0002361927181482315,-6.572064012289047e-05,-8.602850139141082e-05,8.874472115604276e-05,5,TensorBoard
179,OFF,-3.680959343910217e-05,-4.804879426956177e-05,-9.122863411903381e-05,0.0001638513058423996,0.0004766210913658142,9.287707507610321e-05,0.00023604578807440838,5,TensorBoard
180,OFF,0.00015924964100122452,1.3159587979316711e-05,-3.846362233161926e-05,5.358085036277771e-05,4.510022699832916e-05,4.6525336802005765e-05,7.262054863444737e-05,5,TensorBoard
181,OFF,-9.857397526502609e-05,-5.707144737243652e-06,-9.064562618732452e-05,-1.7201527953147888e-05,-3.2845884561538696e-05,-4.899483174085617e-05,4.283195844656422e-05,5,TensorBoard
182,OFF,-4.711560904979706e-05,-9.115040302276611e-05,1.1412426829338074e-05,-4.33092936873436e-05,-0.0003838175907731056,-0.00011079609394073486,0.0001569006738492764,5,TensorBoard
183,OFF,-3.551319241523743e-05,-0.00017587468028068542,-5.233101546764374e-06,-3.557465970516205e-05,4.928186535835266e-05,-4.0582753717899324e-05,8.318643898023924e-05,5,TensorBoard
184,OFF,5.492940545082092e-06,-0.00011053495109081268,-8.804164826869965e-05,-4.6487897634506226e-05,-0.00033604633063077927,-0.00011512357741594315,0.00013116835575893834,5,TensorBoard
185,OFF,2.1270010620355606e-05,-4.275888204574585e-05,7.165223360061646e-05,-0.0001034364104270935,6.540119647979736e-05,2.425629645586014e-06,7.47692567715716e-05,5,TensorBoard
186,OFF,6.7390501499176025e-06,0.00033614039421081543,3.471784293651581e-05,-0.0001247599720954895,-0.00045310240238904953,-4.005301743745804e-05,0.00028595748140853867,5,TensorBoard
187,OFF,-2.736225724220276e-06,-0.0001021064817905426,-4.923716187477112e-05,-4.4401735067367554e-05,-0.0005520246922969818,-0.00015010125935077667,0.00022743589940544965,5,TensorBoard
188,OFF,6.936490535736084e-06,-0.00021572038531303406,-9.155320003628731e-05,-5.8736652135849e-05,-0.00034693721681833267,-0.0001412021927535534,0.00014061518277124358,5,TensorBoard
189,OFF,-3.593042492866516e-06,6.20521605014801e-05,-1.385621726512909e-05,6.53192400932312e-05,0.00023572007194161415,6.912844255566598e-05,9.999027818469697e-05,5,TensorBoard
190,OFF,-3.499817103147507e-05,2.9888004064559937e-05,7.374025881290436e-05,4.2865052819252014e-05,0.00018640980124473572,5.958098918199539e-05,8.122860630048925e-05,5,TensorBoard
191,OFF,2.5095418095588684e-05,-4.724692553281784e-05,-1.919269561767578e-05,-1.996755599975586e-06,6.544310599565506e-05,4.420429468154907e-06,4.306825315310194e-05,5,TensorBoard
192,OFF,-2.0075589418411255e-05,6.4801424741744995e-06,-6.643123924732208e-06,-0.00016739312559366226,2.780929207801819e-05,-3.1964480876922606e-05,7.774047797914213e-05,5,TensorBoard
193,OFF,-1.776963472366333e-06,4.798918962478638e-05,-8.33161175251007e-06,-0.0004367753863334656,-6.768666207790375e-05,-9.331628680229188e-05,0.00019633524332858513,5,TensorBoard
194,OFF,-5.822628736495972e-05,-7.251650094985962e-05,-1.1194497346878052e-05,3.8722530007362366e-05,-2.3545697331428528e-05,-2.535209059715271e-05,4.3630413491996164e-05,5,TensorBoard
195,OFF,-0.00026717595756053925,3.8817524909973145e-05,-3.157183527946472e-06,7.236190140247345e-05,-9.393878281116486e-05,-5.061849951744079e-05,0.00013615187987133643,5,TensorBoard
196,OFF,8.838251233100891e-06,-2.1673738956451416e-05,-1.1567026376724243e-06,-8.235126733779907e-05,-0.00021179206669330597,-6.16271048784256e-05,9.11006504835241e-05,5,TensorBoard
197,OFF,-0.0004006214439868927,-3.191549330949783e-05,5.804002285003662e-06,4.295259714126587e-06,-8.740276098251343e-05,-0.00010196808725595474,0.00017118707919119077,5,TensorBoard
198,OFF,-0.00016618892550468445,7.301010191440582e-05,1.6674399375915527e-05,-0.0001336894929409027,0.00014632567763328552,-1.2773647904396057e-05,0.00013388009896004845,5,TensorBoard
199,OFF,0.00028249528259038925,-1.2665987014770508e-06,-6.137415766716003e-06,-2.5491230189800262e-05,2.9210001230239868e-05,5.576200783252716e-05,0.0001282564581524785,5,TensorBoard
200,OFF,-4.4148415327072144e-05,-1.1827796697616577e-06,1.2990552932024002e-05,-5.75091689825058e-06,1.307763159275055e-05,-5.002785474061966e-06,2.3442451822854633e-05,5,TensorBoard
1,REAL,-0.00015637464821338654,-4.871934652328491e-05,-0.00012449827045202255,-0.00013859756290912628,-0.00013915356248617172,-0.0001214686781167984,4.2208483314351275e-05,5,TensorBoard
2,REAL,2.914760261774063e-05,-8.818693459033966e-05,-0.00014132633805274963,-8.665025234222412e-06,-3.2191164791584015e-05,-4.824437201023102e-05,6.72186889894534e-05,5,TensorBoard
3,REAL,-9.533390402793884e-05,-0.00010706670582294464,-0.0001015644520521164,-6.739422678947449e-05,3.0547380447387695e-06,-7.366091012954712e-05,4.552152100144194e-05,5,TensorBoard
4,REAL,-4.9758702516555786e-05,-6.556510925292969e-07,-5.378946661949158e-05,-3.429688513278961e-05,-5.209818482398987e-06,-2.874210476875305e-05,2.4711033362837413e-05,5,TensorBoard
5,REAL,-5.323626101016998e-05,1.150369644165039e-05,-0.00013326853513717651,1.7695128917694092e-08,-2.547912299633026e-05,-4.0092505514621735e-05,5.774746315933124e-05,5,TensorBoard
6,REAL,5.070492625236511e-05,-7.009599357843399e-06,-3.530643880367279e-06,-3.7159770727157593e-06,-3.238394856452942e-05,8.129514753818512e-07,3.0380148268868138e-05,5,TensorBoard
7,REAL,-1.7420388758182526e-05,-5.4523348808288574e-05,1.3941898941993713e-05,-2.0938925445079803e-05,1.9676052033901215e-05,-1.1852942407131195e-05,2.9974015662598637e-05,5,TensorBoard
8,REAL,-4.500150680541992e-05,-2.5821849703788757e-05,-9.86643135547638e-05,1.1621043086051941e-05,-0.00013114511966705322,-5.7802349328994754e-05,5.712942197601412e-05,5,TensorBoard
9,REAL,-6.57467171549797e-05,-1.2366101145744324e-05,-5.3211115300655365e-05,9.73232090473175e-07,-2.4508684873580933e-05,-3.097187727689743e-05,2.789404493078122e-05,5,TensorBoard
10,REAL,-4.1632913053035736e-05,-1.675635576248169e-05,-6.350129842758179e-05,-2.5395303964614868e-05,5.669891834259033e-06,-2.832319587469101e-05,2.6041034079871426e-05,5,TensorBoard
11,REAL,-0.00015073828399181366,-8.717179298400879e-07,-1.9725412130355835e-05,-2.1665357053279877e-05,1.346692442893982e-06,-3.83308157324791e-05,6.371190261610027e-05,5,TensorBoard
12,REAL,-1.564621925354004e-05,5.817040801048279e-06,-4.8675574362277985e-05,-1.0484829545021057e-05,-8.111819624900818e-07,-1.3960152864456177e-05,2.1119386868929557e-05,5,TensorBoard
13,REAL,-0.00011237338185310364,-3.120116889476776e-05,1.2702308595180511e-05,1.7181038856506348e-05,-2.775341272354126e-06,-2.3293308913707733e-05,5.327437927317923e-05,5,TensorBoard
14,REAL,0.00011372938752174377,-3.4771859645843506e-05,-4.43682074546814e-06,-4.16487455368042e-06,-1.0094605386257172e-05,1.2052245438098907e-05,5.821534446578473e-05,5,TensorBoard
15,REAL,-6.994232535362244e-05,-3.5781413316726685e-05,-2.8053298592567444e-05,-4.4619664549827576e-06,-5.9604644775390625e-06,-2.8839893639087676e-05,2.6720614385723318e-05,5,TensorBoard
16,REAL,-5.726702511310577e-06,-1.7884187400341034e-05,-3.86582687497139e-05,-5.301088094711304e-06,-2.6460736989974976e-05,-1.8806196749210358e-05,1.420394293443851e-05,5,TensorBoard
17,REAL,-3.5429373383522034e-05,-1.9177794456481934e-05,-1.727510243654251e-05,5.261041224002838e-06,-2.0597130060195923e-05,-1.7443671822547913e-05,1.4594257012354632e-05,5,TensorBoard
18,REAL,-0.00011227093636989594,-6.094574928283691e-06,-1.8114224076271057e-05,-1.6279518604278564e-05,-1.9330531358718872e-05,-3.4417957067489624e-05,4.383419166562421e-05,5,TensorBoard
19,REAL,-5.209818482398987e-05,-1.4627352356910706e-05,-3.131665289402008e-05,8.922070264816284e-06,-3.340095281600952e-05,-2.450421452522278e-05,2.292300911065825e-05,5,TensorBoard
20,REAL,-7.126480340957642e-05,-5.4799020290374756e-05,-1.6623176634311676e-05,2.241227775812149e-06,-3.8100406527519226e-06,-2.8851162642240525e-05,3.2463542682059606e-05,5,TensorBoard
21,REAL,-5.529820919036865e-05,3.089383244514465e-05,-3.797747194766998e-05,3.891065716743469e-06,-2.1521933376789093e-05,-1.600254327058792e-05,3.410475132367291e-05,5,TensorBoard
22,REAL,-0.00013541430234909058,-5.0302594900131226e-05,7.282942533493042e-07,-2.5529414415359497e-05,-1.4601275324821472e-05,-4.502385854721069e-05,5.384497143653088e-05,5,TensorBoard
23,REAL,-2.8353184461593628e-05,7.147341966629028e-05,-6.852485239505768e-05,-4.632771015167236e-05,-1.901760697364807e-05,-1.8149986863136293e-05,5.354629812347596e-05,5,TensorBoard
24,REAL,-1.35079026222229e-05,-7.4068084359169e-05,8.083879947662354e-07,-9.916722774505615e-06,2.541765570640564e-05,-1.4253333210945129e-05,3.673489185748044e-05,5,TensorBoard
25,REAL,6.6123902797698975e-06,-1.2575648725032806e-05,-3.203749656677246e-05,1.699291169643402e-05,-1.831725239753723e-05,-7.865019142627716e-06,1.964217391915771e-05,5,TensorBoard
26,REAL,-4.0743499994277954e-05,3.020651638507843e-05,-3.254041075706482e-05,-3.0485913157463074e-05,-0.00014607049524784088,-4.392676055431366e-05,6.373680995931255e-05,5,TensorBoard
27,REAL,5.462579429149628e-05,-7.16187059879303e-06,-1.801922917366028e-05,-6.328895688056946e-05,-0.00011252611875534058,-2.9274076223373412e-05,6.27350065433483e-05,5,TensorBoard
28,REAL,-0.00013240426778793335,2.2737309336662292e-05,-3.094039857387543e-05,-9.95248556137085e-05,-0.00018750689923763275,-8.552782237529755e-05,8.29068389422416e-05,5,TensorBoard
29,REAL,-0.00019718613475561142,-3.0891969799995422e-06,-3.507174551486969e-05,0.0001058727502822876,-0.0003188746050000191,-8.966978639364242e-05,0.0001679349890717727,5,TensorBoard
30,REAL,-7.819198071956635e-05,-7.966533303260803e-06,-2.6971101760864258e-05,-8.165650069713593e-05,2.969987690448761e-05,-3.3017247915267944e-05,4.7444876769435396e-05,5,TensorBoard
31,REAL,3.393739461898804e-05,-1.668650656938553e-05,4.077330231666565e-06,-4.4483691453933716e-05,-0.0005089305341243744,-0.00010641720145940781,0.0002268329751238023,5,TensorBoard
32,REAL,-8.463487029075623e-05,-1.9766390323638916e-05,-9.695068001747131e-06,-0.00020749308168888092,-0.00012897932901978493,-9.011374786496162e-05,8.175324808671403e-05,5,TensorBoard
33,REAL,7.792562246322632e-05,9.953975677490234e-06,-2.6862137019634247e-05,-4.620291292667389e-05,-0.00041837990283966064,-8.071307092905045e-05,0.00019461276412556744,5,TensorBoard
34,REAL,5.165766924619675e-05,-7.771886885166168e-06,-9.835232049226761e-05,-9.796023368835449e-05,-7.576122879981995e-05,-4.5637600123882294e-05,6.581055084885285e-05,5,TensorBoard
35,REAL,9.807571768760681e-05,5.826354026794434e-06,-1.3183802366256714e-05,-3.027264028787613e-05,-0.0003959871828556061,-6.710831075906754e-05,0.00019041484994431084,5,TensorBoard
36,REAL,-0.00019054487347602844,-1.9147992134094238e-05,-0.00012581516057252884,-7.881969213485718e-05,-0.00023138243705034256,-0.00012914203107357026,8.494925564007126e-05,5,TensorBoard
37,REAL,1.0209158062934875e-05,4.9209222197532654e-05,2.3895874619483948e-05,-2.5773420929908752e-05,-0.0005819350481033325,-0.00010487884283065796,0.00026805391171900436,5,TensorBoard
38,REAL,8.313450962305069e-05,-2.831127494573593e-05,8.437782526016235e-07,6.816163659095764e-05,-0.0002707894891500473,-2.9392167925834654e-05,0.00014262454680125786,5,TensorBoard
39,REAL,-0.00015097949653863907,2.3767352104187012e-05,-5.32250851392746e-06,-8.490309119224548e-05,0.0008422564715147018,0.00012496374547481536,0.00040679012856290785,5,TensorBoard
40,REAL,-2.864096313714981e-05,-7.446855306625366e-06,1.7676502466201782e-06,-0.00012644566595554352,-0.0005422262474894524,-0.00014059841632843017,0.00023023744349361192,5,TensorBoard
41,REAL,9.204447269439697e-05,1.2793578207492828e-05,-7.655471563339233e-06,3.60831618309021e-05,-0.0005552712827920914,-8.440110832452774e-05,0.00026585001573774844,5,TensorBoard
42,REAL,0.0002126116305589676,-5.420297384262085e-06,-1.516193151473999e-05,1.870281994342804e-05,-0.0003051022067666054,-1.8873997032642364e-05,0.00018514790200518217,5,TensorBoard
43,REAL,4.7703273594379425e-05,-6.245449185371399e-06,3.986060619354248e-07,6.194598972797394e-05,4.92539256811142e-05,3.0611269176006316e-05,3.119604409812759e-05,5,TensorBoard
44,REAL,-5.4154545068740845e-05,-4.512537270784378e-05,-0.0001368233934044838,-0.00014457572251558304,-0.0010675983503460884,-0.000289655476808548,0.00043728038944508996,5,TensorBoard
45,REAL,-0.00022126547992229462,-2.940930426120758e-05,5.194544792175293e-05,4.830211400985718e-05,8.832290768623352e-05,-1.2420862913131713e-05,0.0001243827664958065,5,TensorBoard
46,REAL,0.00022893445566296577,-8.503906428813934e-05,4.421547055244446e-05,-9.463168680667877e-05,-0.00042696669697761536,-6.669750437140464e-05,0.00024010964490720654,5,TensorBoard
47,REAL,-0.00020224228501319885,-0.00012731924653053284,-2.1121464669704437e-05,-0.00010431185364723206,-0.00031475722789764404,-0.00015395041555166245,0.00011068838211025058,5,TensorBoard
48,REAL,5.14741986989975e-06,-7.589906454086304e-05,-9.310431778430939e-05,-0.00016077980399131775,9.307172149419785e-05,-4.6312808990478516e-05,9.777996631469832e-05,5,TensorBoard
49,REAL,-0.00018434971570968628,-7.121637463569641e-05,1.2838281691074371e-05,-0.00040511786937713623,3.139860928058624e-05,-0.00012328941375017166,0.00017911335392314668,5,TensorBoard
50,REAL,-0.00026973336935043335,-2.954527735710144e-05,-4.2028725147247314e-05,-0.0002618785947561264,0.00010867603123188019,-9.890198707580566e-05,0.00016346122675637038,5,TensorBoard
51,REAL,-0.00033809617161750793,5.110353231430054e-05,-8.385255932807922e-05,-9.76361334323883e-05,-0.0003370353952050209,-0.00016110334545373916,0.00017124987341161807,5,TensorBoard
52,REAL,3.7015415728092194e-05,8.091749623417854e-05,5.127862095832825e-05,5.2636489272117615e-05,-9.955186396837234e-05,2.4459231644868852e-05,7.112872613245648e-05,5,TensorBoard
53,REAL,-5.5388547480106354e-05,-1.9565224647521973e-05,8.267071098089218e-05,-2.4009495973587036e-05,3.576744347810745e-05,3.894977271556854e-06,5.492050466739583e-05,5,TensorBoard
54,REAL,7.131416350603104e-05,-6.686896085739136e-05,4.0043145418167114e-05,-0.00031112879514694214,-0.0001323707401752472,-7.980223745107651e-05,0.00015300471875961328,5,TensorBoard
55,REAL,-0.00015396997332572937,8.131377398967743e-06,-0.00010911747813224792,-4.000216722488403e-05,9.55844298005104e-05,-3.987476229667663e-05,9.806384308215468e-05,5,TensorBoard
56,REAL,0.0001986883580684662,2.5255605578422546e-05,-0.0001658368855714798,-0.00022060051560401917,-0.0001545380800962448,-6.340630352497101e-05,0.0001732495244670333,5,TensorBoard
57,REAL,-7.83400610089302e-05,-9.715557098388672e-06,2.5387853384017944e-05,-0.0003758389502763748,-6.245356053113937e-05,-0.00010019205510616302,0.000159561292724728,5,TensorBoard
58,REAL,-9.137764573097229e-05,6.9160014390945435e-06,5.1107257604599e-05,-0.0004368610680103302,0.00013735331594944,-6.65724277496338e-05,0.00022280245872641053,5,TensorBoard
59,REAL,0.00010613352060317993,-0.00011022016406059265,-8.565746247768402e-05,-6.979890167713165e-05,-6.0442835092544556e-06,-3.311745822429657e-05,8.685418740850872e-05,5,TensorBoard
60,REAL,-1.3912096619606018e-05,-0.00012773647904396057,-3.569759428501129e-06,4.5396387577056885e-05,2.9333867132663727e-05,-1.4097616076469422e-05,6.791629326620434e-05,5,TensorBoard
61,REAL,-6.075669080018997e-05,4.981085658073425e-05,0.0001223478466272354,-7.897429168224335e-05,1.2423843145370483e-05,8.970312774181365e-06,8.235661866768435e-05,5,TensorBoard
62,REAL,-4.43803146481514e-05,0.00016815587878227234,-6.239768117666245e-05,-3.900937736034393e-05,0.0001142360270023346,2.732090651988983e-05,0.00010604117624242557,5,TensorBoard
63,REAL,0.0001678895205259323,3.286637365818024e-05,0.00013736262917518616,1.552049070596695e-05,-0.00010037049651145935,5.065370351076126e-05,0.00010679620231861783,5,TensorBoard
64,REAL,-2.3111701011657715e-05,-8.74912366271019e-05,-3.082863986492157e-05,-0.0002363249659538269,-2.8152018785476685e-05,-8.118171244859695e-05,9.05937991261746e-05,5,TensorBoard
65,REAL,9.220093488693237e-07,6.962008774280548e-05,1.2746080756187439e-05,-7.522106170654297e-05,-0.00014139339327812195,-2.6665255427360533e-05,8.231857300319274e-05,5,TensorBoard
66,REAL,9.883195161819458e-06,-1.4800578355789185e-05,5.797669291496277e-05,0.00010096654295921326,-0.0001328401267528534,4.237145185470581e-06,8.86411398052047e-05,5,TensorBoard
67,REAL,-1.4688819646835327e-05,-0.00013949163258075714,-2.8736889362335205e-05,1.7657876014709473e-06,0.00010723620653152466,-1.4783069491386414e-05,8.790550618714794e-05,5,TensorBoard
68,REAL,0.00013969000428915024,-4.908069968223572e-06,-0.00011199340224266052,0.00018034130334854126,6.618350744247437e-05,5.386266857385635e-05,0.00011670177335451604,5,TensorBoard
69,REAL,3.973022103309631e-06,-9.427964687347412e-05,4.236772656440735e-05,8.122250437736511e-05,-2.7274712920188904e-05,1.2017786502838136e-06,6.714395876779454e-05,5,TensorBoard
70,REAL,-4.2183324694633484e-05,1.25151127576828e-05,-7.873773574829102e-05,1.8514692783355713e-06,-5.1131471991539e-05,-3.153719007968903e-05,3.801504812668292e-05,5,TensorBoard
71,REAL,-1.5511177480220795e-05,-0.00023219361901283264,-0.00028426945209503174,-0.00012689828872680664,5.120225250720978e-05,-0.0001215340569615364,0.00014127615339067586,5,TensorBoard
72,REAL,-8.175894618034363e-05,-7.17751681804657e-05,0.0001242244616150856,2.783350646495819e-05,5.415827035903931e-05,1.0536424815654754e-05,8.720759428276627e-05,5,TensorBoard
73,REAL,4.608556628227234e-05,1.1865049600601196e-06,-3.5599805414676666e-05,-3.092968836426735e-05,-0.00012814858928322792,-2.9481202363967896e-05,6.40812637449645e-05,5,TensorBoard
74,REAL,9.08970832824707e-06,0.0001571839675307274,-0.00015469640493392944,-8.387491106987e-05,-0.0002978518605232239,-7.402990013360977e-05,0.0001710767379722029,5,TensorBoard
75,REAL,-2.255477011203766e-05,-9.0770423412323e-05,-0.00019370391964912415,-3.038160502910614e-05,-2.0295381546020508e-05,-7.154121994972229e-05,7.418458327958723e-05,5,TensorBoard
76,REAL,1.2697651982307434e-05,-0.00028667785227298737,-0.00014349957928061485,7.654353976249695e-05,-9.245611727237701e-05,-8.667847141623497e-05,0.000141225715318255,5,TensorBoard
77,REAL,-2.135150134563446e-05,0.00020050816237926483,-7.522478699684143e-05,-4.7383829951286316e-05,-6.991066038608551e-05,-2.672523260116577e-06,0.00011555863689349891,5,TensorBoard
78,REAL,2.0967796444892883e-05,-3.516394644975662e-05,-0.00012496579438447952,6.571505218744278e-05,5.82672655582428e-05,-3.035925328731537e-06,7.899376477046269e-05,5,TensorBoard
79,REAL,-2.8032809495925903e-05,9.742937982082367e-05,-0.00016128458082675934,-0.0001768544316291809,8.680857717990875e-06,-5.2012316882610324e-05,0.00011631582030519745,5,TensorBoard
80,REAL,0.0001166732981801033,4.3849460780620575e-05,-7.675588130950928e-05,-0.0001413058489561081,5.119107663631439e-05,-1.2695789337158204e-06,0.00010488888067571882,5,TensorBoard
81,REAL,-5.683675408363342e-05,-0.00012789852917194366,-8.286722004413605e-05,-8.422695100307465e-05,-0.00023242086172103882,-0.00011685006320476532,6.9461097782481e-05,5,TensorBoard
82,REAL,-4.69014048576355e-06,-7.711350917816162e-07,-2.102181315422058e-05,-0.0002675047144293785,2.4974346160888672e-05,-5.3802691400051114e-05,0.00012059576163163706,5,TensorBoard
83,REAL,-1.2394972145557404e-05,-3.098882734775543e-05,7.554329931735992e-05,-2.9053539037704468e-05,-1.982320100069046e-05,-3.343448042869568e-06,4.472668954629529e-05,5,TensorBoard
84,REAL,-1.1145137250423431e-05,-6.027147173881531e-05,0.00013324618339538574,-3.063119947910309e-05,-1.7797574400901794e-05,2.6801601052284242e-06,7.53832168398018e-05,5,TensorBoard
85,REAL,-0.00010754959657788277,-9.508244693279266e-05,1.5310943126678467e-05,-6.083166226744652e-05,1.0975636541843414e-05,-4.7435425221920015e-05,5.79058941732587e-05,5,TensorBoard
86,REAL,1.7418526113033295e-05,-2.8856098651885986e-05,3.919750452041626e-05,-0.0002805013209581375,5.974620580673218e-05,-3.8599036633968355e-05,0.00013917048525477138,5,TensorBoard
87,REAL,-2.5760382413864136e-06,-0.0001298915594816208,-7.942505180835724e-05,0.0002704281359910965,4.002917557954788e-05,1.9712932407855986e-05,0.00015490118234293962,5,TensorBoard
88,REAL,-3.8817524909973145e-06,-0.00030941329896450043,-9.927013888955116e-05,2.148747444152832e-05,-1.1358410120010376e-05,-8.048722520470619e-05,0.00013583627643804478,5,TensorBoard
89,REAL,4.745088517665863e-06,-2.4956651031970978e-05,8.560717105865479e-06,-9.648501873016357e-06,9.331852197647095e-06,-2.3934990167617798e-06,1.474931387603211e-05,5,TensorBoard
90,REAL,-0.00011681951582431793,-4.760921001434326e-06,0.0003821421414613724,0.00012381747364997864,6.42240047454834e-05,8.972063660621643e-05,0.00018635222585763553,5,TensorBoard
91,REAL,-4.264526069164276e-05,-0.0003484124317765236,0.00016392767429351807,-6.167404353618622e-05,-8.489936590194702e-06,-5.945879966020584e-05,0.00018458138154985802,5,TensorBoard
92,REAL,8.43871384859085e-06,-0.0004717754200100899,-0.00013392046093940735,-0.00033380091190338135,6.432458758354187e-05,-0.00017334669828414918,0.00022687731321166784,5,TensorBoard
93,REAL,2.9820948839187622e-05,0.0002537388354539871,-0.0001330804079771042,-0.00048489682376384735,-1.8304213881492615e-05,-7.054433226585388e-05,0.00027090613709478725,5,TensorBoard
94,REAL,-0.00010921526700258255,-0.0004276186227798462,-0.00010298192501068115,-0.00019259098917245865,-2.235081046819687e-05,-0.00017095152288675307,0.00015561143107592897,5,TensorBoard
95,REAL,-4.186481237411499e-05,-0.00020418548956513405,1.2326985597610474e-05,-0.00015398859977722168,6.724148988723755e-06,-7.61975534260273e-05,9.788219774096756e-05,5,TensorBoard
96,REAL,-7.674284279346466e-05,-0.00023035332560539246,-3.5041943192481995e-05,-0.0003061629831790924,-5.6156888604164124e-05,-0.00014089159667491914,0.00012022605235448432,5,TensorBoard
97,REAL,2.4706125259399414e-05,-0.00020252540707588196,-2.70940363407135e-05,0.00011010468006134033,-2.2456515580415726e-05,-2.3453030735254288e-05,0.00011427831416316089,5,TensorBoard
98,REAL,1.0322779417037964e-05,-0.00021238112822175026,-8.72444361448288e-05,7.674656808376312e-05,2.8189271688461304e-05,-3.687338903546333e-05,0.00011479365367260497,5,TensorBoard
99,REAL,-2.096034586429596e-05,-3.0001625418663025e-05,0.00021739676594734192,0.00012117158621549606,-1.8475577235221863e-05,5.382616072893143e-05,0.00011083592585094676,5,TensorBoard
100,REAL,-3.936886787414551e-05,0.00014944002032279968,8.970871567726135e-05,-0.0003420282155275345,8.201925083994865e-05,-1.2045819312334061e-05,0.00019679610642172487,5,TensorBoard
101,REAL,-4.542618989944458e-05,4.655309021472931e-05,-0.0003059227019548416,-0.000186258926987648,6.247498095035553e-05,-8.571594953536988e-05,0.00015785976340747734,5,TensorBoard
102,REAL,1.0201707482337952e-05,-0.0003604032099246979,0.00022028479725122452,0.0001571839675307274,-2.0598992705345154e-05,1.3336539268493652e-06,0.0002256336441251541,5,TensorBoard
103,REAL,9.834766387939453e-07,0.00026636477559804916,-3.390759229660034e-05,4.482083022594452e-05,2.607889473438263e-05,6.086807698011398e-05,0.00011860152540911431,5,TensorBoard
104,REAL,-8.059851825237274e-05,-1.905485987663269e-06,8.475035429000854e-07,1.784972846508026e-05,-2.3927539587020874e-05,-1.7546862363815307e-05,3.82496677974941e-05,5,TensorBoard
105,REAL,-0.00019331928342580795,7.343105971813202e-05,8.192099630832672e-05,-0.00012127496302127838,3.0615366995334625e-05,-2.5725364685058595e-05,0.00012430955406053852,5,TensorBoard
106,REAL,-6.411224603652954e-05,-0.00021155737340450287,6.0908496379852295e-06,9.278859943151474e-05,-6.0772523283958435e-05,-4.751253873109817e-05,0.00011171371655974496,5,TensorBoard
107,REAL,-0.00015276111662387848,-2.6337802410125732e-06,0.00013658218085765839,-0.00013920199126005173,-9.059906005859375e-05,-4.972275346517563e-05,0.00011960477694456572,5,TensorBoard
108,REAL,-0.00016103312373161316,-4.2710453271865845e-05,-0.0002632690593600273,-4.732515662908554e-05,-5.7287514209747314e-05,-0.00011432506144046784,9.64842976100627e-05,5,TensorBoard
109,REAL,7.235724478960037e-05,9.025447070598602e-05,-0.00019903387874364853,-2.199225127696991e-05,-4.178844392299652e-05,-2.0040571689605714e-05,0.0001153448479963506,5,TensorBoard
110,REAL,-0.00020392052829265594,1.9943341612815857e-05,-3.476627171039581e-05,-4.3567270040512085e-06,-4.7322362661361694e-05,-5.4084509611129763e-05,8.778201490217369e-05,5,TensorBoard
111,REAL,0.00017916783690452576,3.049895167350769e-05,-2.0783860236406326e-05,6.45909458398819e-05,5.351938307285309e-05,6.139865145087242e-05,7.357073353178038e-05,5,TensorBoard
112,REAL,0.00010083615779876709,-4.6193599700927734e-06,0.00013780780136585236,1.582503318786621e-05,1.8213875591754913e-05,5.361270159482956e-05,6.202988675112417e-05,5,TensorBoard
113,REAL,-9.793601930141449e-05,0.00011481530964374542,0.00012098252773284912,-4.01744619011879e-05,-0.00011285673826932907,-3.0338764190673827e-06,0.00011370510097730528,5,TensorBoard
114,REAL,5.8300793170928955e-06,-0.00031521543860435486,5.092844367027283e-05,0.00015687383711338043,3.818422555923462e-06,-1.9552931189537048e-05,0.00017656504783296773,5,TensorBoard
115,REAL,-3.177672624588013e-05,0.00016456050798296928,0.00014492124319076538,-0.00013957638293504715,0.000129026360809803,5.343100056052208e-05,0.00013317948152684342,5,TensorBoard
116,REAL,0.00016280263662338257,-9.89651307463646e-05,4.929490387439728e-05,4.174187779426575e-06,-1.3180077075958252e-05,2.0825304090976715e-05,9.58533449678389e-05,5,TensorBoard
117,REAL,5.608610808849335e-05,0.00010296143591403961,2.6676803827285767e-05,-0.00011066533625125885,-3.304146230220795e-05,8.403509855270386e-06,8.283088291463035e-05,5,TensorBoard
118,REAL,-0.00010815169662237167,-6.826221942901611e-05,-1.747533679008484e-05,7.713958621025085e-05,8.584931492805481e-05,-6.1800703406333925e-06,8.630116129987583e-05,5,TensorBoard
119,REAL,0.00023844465613365173,-5.886983126401901e-05,7.145944982767105e-05,0.00013361964374780655,-1.569325104355812e-05,7.379213348031044e-05,0.0001186402719854751,5,TensorBoard
120,REAL,3.2100826501846313e-05,8.153356611728668e-05,2.1022744476795197e-05,3.2782554626464844e-07,-3.846362233161926e-05,1.9304268062114715e-05,4.3978475236837545e-05,5,TensorBoard
121,REAL,-9.085983037948608e-06,-4.244409501552582e-05,7.317401468753815e-06,-9.34600830078125e-05,-1.0574236512184143e-05,-2.964939922094345e-05,3.996488420018314e-05,5,TensorBoard
122,REAL,-2.7613714337348938e-05,2.429261803627014e-05,-3.1266361474990845e-05,-0.0001594414934515953,-0.00017232075333595276,-7.326994091272354e-05,8.74697726760808e-05,5,TensorBoard
123,REAL,-7.406249642372131e-05,-6.966991350054741e-05,-0.00010023266077041626,0.00012017227709293365,2.3525208234786987e-06,-2.4288054555654524e-05,8.927919560882915e-05,5,TensorBoard
124,REAL,-7.953494787216187e-07,-0.00012638606131076813,0.0001065526157617569,5.5301934480667114e-05,-1.3560522347688675e-05,4.222523421049118e-06,8.729343074303295e-05,5,TensorBoard
125,REAL,3.1517818570137024e-05,-6.663985550403595e-05,-3.670528531074524e-05,0.00013999082148075104,1.0805204510688782e-05,1.5793740749359132e-05,7.944887114969846e-05,5,TensorBoard
126,REAL,2.6416033506393433e-05,2.086721360683441e-05,-5.2774325013160706e-05,6.785057485103607e-05,-1.315586268901825e-05,9.840726852416992e-06,4.530715869569571e-05,5,TensorBoard
127,REAL,-8.536502718925476e-06,6.196089088916779e-05,-0.00020729750394821167,-0.0001476667821407318,2.207234501838684e-06,-5.9866532683372495e-05,0.00011266612265440122,5,TensorBoard
128,REAL,2.4499371647834778e-05,1.9390136003494263e-06,-0.00012118183076381683,-1.9568949937820435e-05,-0.00013235211372375488,-4.933290183544159e-05,7.2492007979224e-05,5,TensorBoard
129,REAL,-0.0005135424435138702,-0.00014207791537046432,-0.00012135133147239685,8.863583207130432e-05,1.2996606528759003e-05,-0.00013506785035133362,0.00023208119403127084,5,TensorBoard
130,REAL,-9.217741899192333e-05,-1.4970079064369202e-05,0.00014453008770942688,9.073503315448761e-05,0.00015007145702838898,5.563781596720219e-05,0.00010593179612452173,5,TensorBoard
131,REAL,-0.0004082154482603073,-0.00012004002928733826,3.175344318151474e-05,0.00011753477156162262,0.00013661105185747147,-4.847124218940735e-05,0.00022515963081904636,5,TensorBoard
132,REAL,0.000317184254527092,5.322881042957306e-05,-1.5106052160263062e-05,3.9907172322273254e-07,-0.00027348892763257027,1.644343137741089e-05,0.0002104232467017716,5,TensorBoard
133,REAL,-6.763264536857605e-05,9.335577487945557e-06,3.845151513814926e-05,6.801076233386993e-05,7.195398211479187e-06,1.1072121560573578e-05,5.050773433940499e-05,5,TensorBoard
134,REAL,9.144842624664307e-05,7.747532799839973e-05,9.179115295410156e-06,-2.7317553758621216e-05,-0.00010879617184400558,8.397828787565232e-06,8.16696629394799e-05,5,TensorBoard
135,REAL,-0.00010916776955127716,1.8887221813201904e-06,9.98564064502716e-06,5.591660737991333e-05,-3.992021083831787e-05,-1.625940203666687e-05,6.208730071575806e-05,5,TensorBoard
136,REAL,-1.2764707207679749e-05,-7.886439561843872e-06,-0.00014173053205013275,5.279853940010071e-05,-6.438698619604111e-05,-3.479402512311936e-05,7.278895216158491e-05,5,TensorBoard
137,REAL,1.3541430234909058e-05,6.146728992462158e-06,-0.0001244526356458664,2.3623928427696228e-05,-1.2006610631942749e-05,-1.862943172454834e-05,6.057347024614491e-05,5,TensorBoard
138,REAL,-9.099021553993225e-06,-1.9609928131103516e-05,-0.0001943502575159073,-0.00036928895860910416,1.3988465070724487e-06,-0.00011818986386060714,0.00016184208058802975,5,TensorBoard
139,REAL,-8.80928710103035e-05,1.0009855031967163e-05,5.097687244415283e-05,0.00033528823405504227,4.5668333768844604e-05,7.077008485794068e-05,0.00015805138776340841,5,TensorBoard
140,REAL,-0.00024399114772677422,-1.7043203115463257e-06,-3.1072646379470825e-05,-6.674136966466904e-05,-3.5880133509635925e-05,-7.587792351841927e-05,9.676594474274827e-05,5,TensorBoard
141,REAL,-0.00013305805623531342,1.4817342162132263e-06,-0.0003864448517560959,-0.0003044772893190384,-2.1969899535179138e-05,-0.00016889367252588273,0.0001714715708320573,5,TensorBoard
142,REAL,0.00012484006583690643,-1.3003125786781311e-05,5.023740231990814e-05,-0.0002028234302997589,0.00015874113887548447,2.3598410189151763e-05,0.00014302935725141536,5,TensorBoard
143,REAL,5.175173282623291e-05,-5.574990063905716e-05,-8.58968123793602e-05,-5.239434540271759e-05,-2.0198523998260498e-05,-3.249756991863251e-05,5.252914238192711e-05,5,TensorBoard
144,REAL,7.729977369308472e-06,5.73527067899704e-05,8.923932909965515e-05,-0.00012480095028877258,6.5559521317482e-05,1.9016116857528688e-05,8.570006988195084e-05,5,TensorBoard
145,REAL,-0.00010537635535001755,-3.489479422569275e-05,7.002986967563629e-05,-0.000225873664021492,5.8010220527648926e-05,-4.7620944678783415e-05,0.00012275110132026798,5,TensorBoard
146,REAL,-2.6054680347442627e-05,-0.00018531270325183868,1.2014061212539673e-06,-2.3849308490753174e-05,-5.5339187383651733e-05,-5.787089467048645e-05,7.40052374111741e-05,5,TensorBoard
147,REAL,-0.00028997287154197693,-0.00014174170792102814,4.182569682598114e-05,-5.572754889726639e-05,-6.123445928096771e-06,-9.034797549247741e-05,0.00013062698785839953,5,TensorBoard
148,REAL,-0.00016646040603518486,-0.00011984258890151978,-1.8212944269180298e-05,-0.00016952678561210632,-2.4139881134033203e-06,-9.529134258627892e-05,8.022777379136914e-05,5,TensorBoard
149,REAL,0.00029186997562646866,-0.00011506490409374237,-2.7198344469070435e-05,8.529052138328552e-06,-1.5689991414546967e-05,2.8489157557487488e-05,0.00015445753853199096,5,TensorBoard
150,REAL,-1.9919592887163162e-05,-6.32251612842083e-05,9.212642908096313e-05,2.0552892237901688e-05,-5.09992241859436e-06,4.886928945779801e-06,5.746849213009504e-05,5,TensorBoard
151,REAL,-6.036832928657532e-05,9.080301970243454e-05,-1.644715666770935e-05,9.583309292793274e-06,-5.629099905490875e-05,-6.544031202793122e-06,6.165717152138651e-05,5,TensorBoard
152,REAL,-3.0467286705970764e-05,-0.00011436641216278076,3.883242607116699e-05,1.89170241355896e-05,2.1345913410186768e-05,-1.3147667050361634e-05,6.217934782126089e-05,5,TensorBoard
153,REAL,6.934627890586853e-06,-9.06083732843399e-05,-1.5174970030784607e-05,0.0001431712880730629,9.979121387004852e-05,2.8822757303714753e-05,9.326145169611064e-05,5,TensorBoard
154,REAL,5.45009970664978e-06,2.8256326913833618e-05,2.099946141242981e-05,9.832531213760376e-05,-0.0001482143998146057,9.63360071182251e-07,9.069155967248723e-05,5,TensorBoard
155,REAL,-3.0555762350559235e-05,-0.00013163220137357712,6.195902824401855e-05,0.00022663921117782593,-7.024034857749939e-05,1.1233985424041748e-05,0.0001394342485737263,5,TensorBoard
156,REAL,1.32853165268898e-06,0.000209747813642025,2.3506581783294678e-05,-0.0001472029834985733,0.0001262873411178589,4.2733456939458844e-05,0.00013512488564159208,5,TensorBoard
157,REAL,-2.954155206680298e-05,6.53974711894989e-05,9.577721357345581e-06,3.446172922849655e-05,-2.1437183022499084e-05,1.1691637337207794e-05,3.938577459607182e-05,5,TensorBoard
158,REAL,-7.737241685390472e-05,8.330121636390686e-05,-1.632794737815857e-05,-0.0001481473445892334,-4.556355997920036e-05,-4.082201048731804e-05,8.497599132812525e-05,5,TensorBoard
159,REAL,-9.874626994132996e-05,-0.000329531729221344,-0.00014879927039146423,-7.872842252254486e-05,4.4248998165130615e-05,-0.00012231133878231047,0.00013586668984510856,5,TensorBoard
160,REAL,-0.00016290973871946335,-6.048567593097687e-05,-2.1274201571941376e-05,2.57883220911026e-05,-7.12759792804718e-05,-5.803145468235016e-05,6.992450523763282e-05,5,TensorBoard
161,REAL,3.610178828239441e-05,-2.5950372219085693e-05,9.234249591827393e-05,-0.00031016767024993896,4.8074871301651e-05,-3.191977739334106e-05,0.00016118678098921087,5,TensorBoard
162,REAL,-0.00026975758373737335,-0.0002671442925930023,1.2349337339401245e-05,0.00013214722275733948,5.2647665143013e-06,-7.742810994386673e-05,0.00018152326185856622,5,TensorBoard
163,REAL,-0.00012852530926465988,0.00028932467103004456,-3.655068576335907e-05,5.2675604820251465e-06,6.945803761482239e-06,2.7292408049106598e-05,0.0001564569323453917,5,TensorBoard
164,REAL,-0.0002733096480369568,0.00017122924327850342,3.689900040626526e-06,2.0682811737060547e-05,-1.4081597328186035e-05,-1.8357858061790465e-05,0.00016044644600902164,5,TensorBoard
165,REAL,-5.533173680305481e-05,-0.0002452237531542778,1.6111880540847778e-06,-0.0002713855355978012,-1.950794830918312e-05,-0.00011796755716204643,0.00013004598455997597,5,TensorBoard
166,REAL,-0.000212028156965971,-4.7404319047927856e-05,4.717148840427399e-05,-0.0001795552670955658,-2.9802322387695312e-05,-8.432371541857719e-05,0.00010840212818546605,5,TensorBoard
167,REAL,-5.587376654148102e-05,-0.00020276382565498352,1.950189471244812e-06,-0.00017170049250125885,2.4316832423210144e-06,-8.519124239683151e-05,9.674461654755984e-05,5,TensorBoard
168,REAL,-0.00019870512187480927,-6.946548819541931e-05,-2.7641654014587402e-06,-4.077795892953873e-05,2.3446977138519287e-05,-5.765315145254135e-05,8.64725294952426e-05,5,TensorBoard
169,REAL,-6.17094337940216e-05,-5.070120096206665e-05,-4.7186389565467834e-05,2.8504058718681335e-05,-0.00013859570026397705,-5.393773317337036e-05,5.932974707954351e-05,5,TensorBoard
170,REAL,2.7567148208618164e-07,4.9052760004997253e-05,-6.22868537902832e-06,-7.821992039680481e-05,9.032804518938065e-05,1.104157418012619e-05,6.346844821083533e-05,5,TensorBoard
171,REAL,-9.027309715747833e-05,-0.00015807151794433594,4.664063453674316e-06,-9.855255484580994e-06,-0.00012623239308595657,-7.595364004373551e-05,7.131717235164518e-05,5,TensorBoard
172,REAL,-6.878422573208809e-05,-4.9484893679618835e-05,3.259629011154175e-07,8.64081084728241e-06,-0.0003574378788471222,-9.334804490208626e-05,0.00015120130958053726,5,TensorBoard
173,REAL,-1.2692064046859741e-05,-9.180232882499695e-05,-1.2353062629699707e-05,3.1055882573127747e-05,8.14683735370636e-05,-8.646398782730102e-07,6.39124008748902e-05,5,TensorBoard
174,REAL,-1.302175223827362e-05,-8.177198469638824e-05,-3.0603259801864624e-06,5.4990872740745544e-05,-7.949303835630417e-05,-2.447124570608139e-05,5.747721071762926e-05,5,TensorBoard
175,REAL,-3.041699528694153e-06,-0.00012627243995666504,4.0065497159957886e-06,-5.74672594666481e-05,0.0001110835000872612,-1.4338269829750061e-05,8.744159974369921e-05,5,TensorBoard
176,REAL,-5.065836012363434e-05,3.164634108543396e-06,-1.2866221368312836e-05,-0.0003003254532814026,-1.736357808113098e-05,-7.560979574918746e-05,0.00012713623566674987,5,TensorBoard
177,REAL,-2.24970281124115e-05,-3.389501944184303e-05,-1.4914199709892273e-05,7.503852248191833e-05,-4.225969314575195e-05,-7.705483585596085e-06,4.742681494798888e-05,5,TensorBoard
178,REAL,2.8539448976516724e-05,-0.000192129984498024,-0.0001825634390115738,4.1985884308815e-05,3.8564205169677734e-05,-5.3120777010917664e-05,0.0001226771861484143,5,TensorBoard
179,REAL,-3.185868263244629e-05,-6.269663572311401e-06,-0.0005358178168535233,-1.2911856174468994e-05,-0.00010141078382730484,-0.00013765376061201096,0.00022575600282786232,5,TensorBoard
180,REAL,-4.116911441087723e-05,4.736799746751785e-05,0.00010881200432777405,-9.718351066112518e-05,7.654353976249695e-05,1.8874183297157288e-05,8.558774693174065e-05,5,TensorBoard
181,REAL,-2.8868205845355988e-05,-0.00010608881711959839,-0.0002527255564928055,2.3511238396167755e-05,-6.284564733505249e-06,-7.409118115901947e-05,0.00011079618200583617,5,TensorBoard
182,REAL,-7.797032594680786e-06,-3.6349520087242126e-06,-0.0004648827016353607,-5.736015737056732e-05,-2.1208077669143677e-05,-0.00011097658425569534,0.00019896663779379542,5,TensorBoard
183,REAL,5.398504436016083e-05,-5.371309816837311e-05,0.0002605719491839409,-8.32974910736084e-05,4.792120307683945e-05,4.5093521475791934e-05,0.0001348749494522455,5,TensorBoard
184,REAL,-9.066984057426453e-05,5.245208740234375e-06,-0.0005140034481883049,-0.00025308504700660706,-6.780028343200684e-06,-0.00017185863107442855,0.00021729538730881233,5,TensorBoard
185,REAL,-8.803606033325195e-05,-4.046037793159485e-05,0.0007108524441719055,-0.0002214023843407631,-9.898096323013306e-06,7.021110504865647e-05,0.00036714015689800496,5,TensorBoard
186,REAL,-2.6246532797813416e-05,-4.907883703708649e-05,-0.0001799706369638443,-7.454678416252136e-05,-1.70879065990448e-05,-6.938613951206208e-05,6.569642436420331e-05,5,TensorBoard
187,REAL,2.6834197342395782e-05,-5.449727177619934e-05,7.394421845674515e-05,6.432272493839264e-05,2.0502135157585144e-05,2.6221200823783874e-05,5.0689663264694336e-05,5,TensorBoard
188,REAL,3.119930624961853e-06,-2.460833638906479e-05,9.702984243631363e-05,6.383564323186874e-05,2.4020671844482422e-05,3.267955034971237e-05,4.832781672481079e-05,5,TensorBoard
189,REAL,8.102506399154663e-07,6.880657747387886e-05,0.00011180434376001358,-1.4103017747402191e-05,-0.00010463222861289978,1.2537185102701188e-05,8.306037896609365e-05,5,TensorBoard
190,REAL,-1.0972842574119568e-05,-2.5474466383457184e-05,-3.339443355798721e-05,3.4168828278779984e-05,-0.00019715353846549988,-4.656529054045677e-05,8.814751137179576e-05,5,TensorBoard
191,REAL,-9.384006261825562e-06,-2.4273991584777832e-05,-1.2803822755813599e-05,9.064748883247375e-05,-9.167194366455078e-05,-9.497255086898804e-06,6.521301122874951e-05,5,TensorBoard
192,REAL,-1.9798055291175842e-05,-2.0002014935016632e-05,-7.978267967700958e-05,-2.959277480840683e-05,-8.424557745456696e-05,-4.668422043323517e-05,3.253185756084895e-05,5,TensorBoard
193,REAL,8.04634764790535e-05,3.3981166779994965e-05,3.0249357223510742e-05,-9.91523265838623e-05,-0.0005663614720106125,-0.00010416395962238311,0.0002668754216761137,5,TensorBoard
194,REAL,-7.631257176399231e-06,-2.6858411729335785e-05,-6.568152457475662e-05,-1.1865049600601196e-06,0.00022466108202934265,2.466067671775818e-05,0.00011459378007652247,5,TensorBoard
195,REAL,1.514330506324768e-06,-2.7533620595932007e-05,-0.0003531910479068756,4.3606385588645935e-05,-0.00022709090262651443,-0.00011253897100687027,0.00017003749933835538,5,TensorBoard
196,REAL,-8.734222501516342e-05,9.517930448055267e-05,-0.00015080906450748444,-3.6747194826602936e-05,-0.0011826800182461739,-0.0002724798396229744,0.0005167899005135474,5,TensorBoard
197,REAL,6.746500730514526e-06,-4.703551530838013e-05,-0.0001626834273338318,-5.8164820075035095e-05,0.00010444410145282745,-3.1338632106781005e-05,9.760240751710829e-05,5,TensorBoard
198,REAL,-2.187490463256836e-05,-5.032867193222046e-05,0.00010907649993896484,2.1371990442276e-05,-9.33576375246048e-05,-7.022544741630554e-06,7.719293895247034e-05,5,TensorBoard
199,REAL,6.274320185184479e-05,9.264517575502396e-05,-1.6260892152786255e-06,-3.6349520087242126e-06,-4.5457854866981506e-05,2.093389630317688e-05,5.570226994586741e-05,5,TensorBoard
200,REAL,-5.0654634833335876e-05,-8.582323789596558e-05,4.512351006269455e-05,5.584210157394409e-06,-0.00017407909035682678,-5.196984857320785e-05,8.484992435523386e-05,5,TensorBoard
1,ZERO,-0.0001567271538078785,-4.743039608001709e-05,-0.00012505985796451569,-0.00016894377768039703,-0.00013701291754841805,-0.00012703482061624528,4.7640116063501276e-05,5,TensorBoard
2,ZERO,2.8985552489757538e-05,-9.072385728359222e-05,-0.00014345720410346985,-1.17570161819458e-05,-3.5138800740242004e-05,-5.0418265163898465e-05,6.766443929238937e-05,5,TensorBoard
3,ZERO,-9.494274854660034e-05,-0.00011100433766841888,-0.00010159565135836601,-6.834138184785843e-05,3.313180059194565e-06,-7.451418787240982e-05,4.6307303747015715e-05,5,TensorBoard
4,ZERO,-4.9619004130363464e-05,2.5704503059387207e-07,-5.4894015192985535e-05,-3.8008205592632294e-05,-5.928799510002136e-06,-2.9638595879077912e-05,2.5313075053367387e-05,5,TensorBoard
5,ZERO,-5.286000669002533e-05,1.2516975402832031e-05,-0.00013268925249576569,-2.9243528842926025e-07,-2.38027423620224e-05,-3.942549228668213e-05,5.7775647033383064e-05,5,TensorBoard
6,ZERO,5.059689283370972e-05,-7.218681275844574e-06,-3.2372772693634033e-06,-6.3925981521606445e-06,-4.746951162815094e-05,-2.744235098361969e-06,3.4925637438283176e-05,5,TensorBoard
7,ZERO,-1.7637386918067932e-05,-5.568936467170715e-05,1.3961456716060638e-05,-2.618413418531418e-05,1.867581158876419e-05,-1.3374723494052887e-05,3.060753055741413e-05,5,TensorBoard
8,ZERO,-4.4679269194602966e-05,-2.6047229766845703e-05,-9.902752935886383e-05,1.0204501450061798e-05,-0.00013758055865764618,-5.9426017105579374e-05,5.885667181900995e-05,5,TensorBoard
9,ZERO,-6.540212780237198e-05,-1.2643635272979736e-05,-5.2325427532196045e-05,4.163011908531189e-07,-2.8998591005802155e-05,-3.179069608449936e-05,2.721718207189769e-05,5,TensorBoard
10,ZERO,-4.157237708568573e-05,-1.365412026643753e-05,-6.769131869077682e-05,-2.3797154426574707e-05,4.7869980335235596e-06,-2.8385594487190246e-05,2.76465287148327e-05,5,TensorBoard
11,ZERO,-0.0001510120928287506,-4.500150680541992e-06,-1.963973045349121e-05,-2.5620684027671814e-05,4.973262548446655e-07,-4.0055066347122195e-05,6.293895382042888e-05,5,TensorBoard
12,ZERO,-1.704692840576172e-05,-4.94346022605896e-06,-4.887394607067108e-05,2.7455389499664307e-06,-1.0170042514801025e-06,-1.3827160000801086e-05,2.095422800374188e-05,5,TensorBoard
13,ZERO,-0.00011538900434970856,-2.7898699045181274e-05,1.3548880815505981e-05,2.6773661375045776e-05,3.1888484954833984e-06,-1.9955262541770934e-05,5.70361006012446e-05,5,TensorBoard
14,ZERO,0.00011600926518440247,-3.203935921192169e-05,-2.180226147174835e-06,-1.7583370208740234e-06,-9.301118552684784e-06,1.4146044850349427e-05,5.826335289926674e-05,5,TensorBoard
15,ZERO,-6.953440606594086e-05,-3.4593045711517334e-05,-2.7278438210487366e-05,-5.514360964298248e-06,-5.032867193222046e-06,-2.839062362909317e-05,2.6464249510097238e-05,5,TensorBoard
16,ZERO,-5.900394171476364e-06,-2.0598992705345154e-05,-3.965012729167938e-05,-2.2873282432556152e-05,-2.9802322387695312e-05,-2.3765023797750473e-05,1.2437337280356765e-05,5,TensorBoard
17,ZERO,-3.462284803390503e-05,-1.7892569303512573e-05,-1.785624772310257e-05,1.0715797543525696e-05,-2.2020190954208374e-05,-1.633521169424057e-05,1.660762359719212e-05,5,TensorBoard
18,ZERO,-0.00011196732521057129,-6.069894880056381e-06,-1.564621925354004e-05,-2.3620203137397766e-05,-2.9389746487140656e-05,-3.7338677793741225e-05,4.262955727397607e-05,5,TensorBoard
19,ZERO,-5.188584327697754e-05,-1.2701377272605896e-05,-3.1596049666404724e-05,1.397356390953064e-05,-3.103911876678467e-05,-2.2649765014648438e-05,2.4725514037954795e-05,5,TensorBoard
20,ZERO,-7.189810276031494e-05,-5.814991891384125e-05,-1.5721656382083893e-05,-9.3141570687294e-06,-5.336478352546692e-06,-3.2084062695503235e-05,3.068475540671087e-05,5,TensorBoard
21,ZERO,-5.565956234931946e-05,3.505870699882507e-05,-3.642775118350983e-05,9.214505553245544e-06,-1.171790063381195e-05,-1.1906400322914123e-05,3.594261168252171e-05,5,TensorBoard
22,ZERO,-0.00013601500540971756,-4.8376619815826416e-05,2.166256308555603e-06,-1.8162652850151062e-05,-2.0680949091911316e-05,-4.421379417181015e-05,5.437912592706466e-05,5,TensorBoard
23,ZERO,-2.710428088903427e-05,7.404200732707977e-05,-6.825476884841919e-05,-4.5035965740680695e-05,-1.3004988431930542e-05,-1.5871599316596985e-05,5.434474209172296e-05,5,TensorBoard
24,ZERO,-1.3709068298339844e-05,-6.951577961444855e-05,1.5851110219955444e-06,1.8477439880371094e-05,2.2919848561286926e-05,-8.048489689826965e-06,3.730194048951736e-05,5,TensorBoard
25,ZERO,6.876885890960693e-06,-1.3170763850212097e-05,-3.41217964887619e-05,2.4497509002685547e-05,-7.395632565021515e-06,-4.662759602069855e-06,2.197256396290511e-05,5,TensorBoard
26,ZERO,-4.270300269126892e-05,3.0020251870155334e-05,-2.8289854526519775e-05,-3.483518958091736e-05,-0.00010321848094463348,-3.580525517463684e-05,4.7388135596849464e-05,5,TensorBoard
27,ZERO,5.644001066684723e-05,-7.230788469314575e-06,-1.69314444065094e-05,-2.3205764591693878e-05,-6.897374987602234e-05,-1.1980347335338592e-05,4.5007429904741707e-05,5,TensorBoard
28,ZERO,-0.00013210996985435486,2.376176416873932e-05,-3.0406750738620758e-05,-2.668052911758423e-05,-0.0001376476138830185,-6.06166198849678e-05,7.11144838835581e-05,5,TensorBoard
29,ZERO,-0.00019152555614709854,-3.8370490074157715e-07,-3.6164186894893646e-05,5.50001859664917e-05,-0.00022671930491924286,-7.995851337909699e-05,0.00012293278516237256,5,TensorBoard
30,ZERO,-5.619414150714874e-05,-6.614252924919128e-06,-2.7340836822986603e-05,-3.4183263778686523e-05,-0.00011966563761234283,-4.8799626529216764e-05,4.338892093737201e-05,5,TensorBoard
31,ZERO,3.359094262123108e-05,-2.520717680454254e-05,5.02169132232666e-06,-4.9989670515060425e-05,-0.0005719363689422607,-0.0001217041164636612,0.0002536432967912,5,TensorBoard
32,ZERO,-8.681602776050568e-05,-1.5169382095336914e-05,-1.255236566066742e-05,-0.00020749587565660477,2.3655593395233154e-06,-6.393361836671829e-05,8.738891693334232e-05,5,TensorBoard
33,ZERO,7.41817057132721e-05,1.0989606380462646e-05,-2.2339634597301483e-05,-3.5848468542099e-05,-0.0006249826401472092,-0.00011959988623857498,0.00028569673844203153,5,TensorBoard
34,ZERO,-1.2153759598731995e-06,-1.019798219203949e-05,-7.424363866448402e-05,-0.00010502291843295097,4.920177161693573e-06,-3.715194761753082e-05,4.942236169552557e-05,5,TensorBoard
35,ZERO,0.00010107085108757019,4.8568472266197205e-06,7.674098014831543e-06,-2.8790906071662903e-05,-0.0002455674111843109,-3.215130418539047e-05,0.0001287065806291329,5,TensorBoard
36,ZERO,-0.00019925646483898163,-6.476417183876038e-06,-0.00011262809857726097,-0.00011671148240566254,0.00016852561384439468,-5.33093698322773e-05,0.0001416361354282355,5,TensorBoard
37,ZERO,2.0284205675125122e-05,2.3264437913894653e-06,8.091330528259277e-06,-3.0294060707092285e-05,-4.77079302072525e-05,-9.460002183914185e-06,2.841060313725131e-05,5,TensorBoard
38,ZERO,8.462928235530853e-05,-2.8024427592754364e-05,-7.88271427154541e-06,1.2228265404701233e-05,0.0001038815826177597,3.296639770269394e-05,5.813049533738772e-05,5,TensorBoard
39,ZERO,-9.679701179265976e-05,2.7245841920375824e-05,-7.049180567264557e-06,-0.0001107584685087204,0.00024211034178733826,1.0950304567813873e-05,0.00014181590041031,5,TensorBoard
40,ZERO,-4.696287214756012e-05,-1.3373792171478271e-06,-4.6193599700927734e-07,-9.449571371078491e-05,-0.00015032757073640823,-5.8717094361782074e-05,6.422002396089598e-05,5,TensorBoard
41,ZERO,8.119642734527588e-05,1.3655051589012146e-05,-5.934387445449829e-06,-4.2059458792209625e-05,-8.419714868068695e-05,-7.467903196811676e-06,6.203597188517822e-05,5,TensorBoard
42,ZERO,0.00020906701683998108,-7.299706339836121e-06,-3.93204391002655e-05,5.403533577919006e-06,-0.00013467110693454742,6.635859608650207e-06,0.00012575147337946967,5,TensorBoard
43,ZERO,6.500817835330963e-05,-3.5781413316726685e-05,-7.189810276031494e-07,7.083453238010406e-05,-5.386956036090851e-05,9.094551205635071e-06,5.703682128305841e-05,5,TensorBoard
44,ZERO,4.914961755275726e-05,2.0353589206933975e-05,-0.00015810877084732056,-0.00012291409075260162,-0.00024076364934444427,-9.045666083693505e-05,0.0001224656156033085,5,TensorBoard
45,ZERO,-0.00021769478917121887,-2.6827678084373474e-05,5.439482629299164e-05,4.6513043344020844e-05,2.407701686024666e-05,-2.390751615166664e-05,0.00011286591820656635,5,TensorBoard
46,ZERO,0.00017969775944948196,-5.762185901403427e-05,5.495920777320862e-05,-4.376843571662903e-05,8.273683488368988e-05,4.3200701475143434e-05,9.754695622927605e-05,5,TensorBoard
47,ZERO,-0.00016142800450325012,-0.0001394646242260933,1.58604234457016e-06,-0.0001575276255607605,-0.00011888053268194199,-0.00011514294892549515,6.739795621530939e-05,5,TensorBoard
48,ZERO,-0.000128183513879776,-2.033822238445282e-05,-8.43629240989685e-05,-0.00017058849334716797,-0.00022121425718069077,-0.00012493748217821122,7.738066434866311e-05,5,TensorBoard
49,ZERO,-0.0003194771707057953,-0.00017672404646873474,-2.3482367396354675e-05,-0.0001257043331861496,0.00023752637207508087,-8.157230913639069e-05,0.0002078452678705427,5,TensorBoard
50,ZERO,0.00023108720779418945,-5.107372999191284e-06,-1.9242987036705017e-05,2.356618642807007e-05,-2.8889626264572144e-06,4.5482814311981204e-05,0.00010490228152224737,5,TensorBoard
51,ZERO,-0.00025248341262340546,7.872655987739563e-05,-0.00012530386447906494,2.715364098548889e-05,-0.0006929580122232437,-0.00019297301769256593,0.00030837558369209417,5,TensorBoard
52,ZERO,-8.303672075271606e-06,0.00012716185301542282,-1.6607344150543213e-05,-5.0300732254981995e-05,0.00014022551476955414,3.843512386083603e-05,8.849005119047143e-05,5,TensorBoard
53,ZERO,3.3196061849594116e-05,-0.0001306198537349701,-2.305954694747925e-06,-2.7412548661231995e-05,2.6827678084373474e-05,-2.0062923431396486e-05,6.63841279816834e-05,5,TensorBoard
54,ZERO,2.9807910323143005e-05,-0.00010553747415542603,-7.571280002593994e-05,-0.00025383196771144867,-1.4489516615867615e-05,-8.395276963710785e-05,0.00010858104614990208,5,TensorBoard
55,ZERO,-0.00012185238301753998,-2.65343114733696e-05,-0.00018416251987218857,-0.0001612696796655655,-3.419071435928345e-05,-0.00010560192167758941,7.225993335854746e-05,5,TensorBoard
56,ZERO,8.897949010133743e-05,-6.72508031129837e-06,-5.532056093215942e-07,-0.00029202550649642944,-9.290874004364014e-05,-6.0646608471870425e-05,0.00014446777947489255,5,TensorBoard
57,ZERO,-1.932494342327118e-05,-4.123710095882416e-05,3.4999102354049683e-06,3.010779619216919e-05,-0.0005605155602097511,-0.00011749397963285446,0.00024907137415027696,5,TensorBoard
58,ZERO,0.00029236264526844025,7.1926042437553406e-06,-2.2883526980876923e-05,-0.0005072616040706635,-0.00025034137070178986,-9.618625044822693e-05,0.0002999072642851453,5,TensorBoard
59,ZERO,2.964213490486145e-05,-6.856583058834076e-05,-5.7240016758441925e-05,-4.346296191215515e-05,-0.0004107411950826645,-0.00011007357388734818,0.0001723896377823644,5,TensorBoard
60,ZERO,-0.00024418905377388,-1.1947005987167358e-05,3.49096953868866e-05,1.1058524250984192e-05,0.00010099820792675018,-2.183392643928528e-05,0.0001312717020260741,5,TensorBoard
61,ZERO,-8.338876068592072e-05,5.831196904182434e-05,-3.435462713241577e-05,-0.00018639490008354187,1.1460855603218079e-05,-4.6873092651367186e-05,9.410524356069228e-05,5,TensorBoard
62,ZERO,-0.00022399798035621643,-0.00016390904784202576,-0.00012833625078201294,-2.8755515813827515e-05,-0.00019381195306777954,-0.00014776214957237243,7.538758691481106e-05,5,TensorBoard
63,ZERO,3.546476364135742e-05,-0.00012367404997348785,-0.00047144293785095215,4.764273762702942e-05,-3.9254315197467804e-05,-0.00011025276035070419,0.00021321575905171146,5,TensorBoard
64,ZERO,6.810203194618225e-05,-0.00016842782497406006,-0.00019072648137807846,9.501725435256958e-05,-9.717419743537903e-06,-4.115048795938492e-05,0.00013232375377672138,5,TensorBoard
65,ZERO,0.00017924420535564423,0.00011441949754953384,-0.00047383783385157585,4.577077925205231e-05,6.306171417236328e-05,-1.4268327504396439e-05,0.00026210513994437954,5,TensorBoard
66,ZERO,0.00013670511543750763,-5.1738694310188293e-05,-9.058788418769836e-05,7.664784789085388e-05,-0.00024641677737236023,-3.507807850837708e-05,0.00015001259000079688,5,TensorBoard
67,ZERO,-3.777444362640381e-06,-0.00047902483493089676,-2.3925676941871643e-05,-0.00014149770140647888,-0.0001445244997739792,-0.00015855003148317336,0.0001905714221133852,5,TensorBoard
68,ZERO,1.2561678886413574e-05,0.0005685831420123577,-0.0005208272486925125,4.081055521965027e-06,0.00017524883151054382,4.7929491847753526e-05,0.0003917742446721605,5,TensorBoard
69,ZERO,-8.621625602245331e-05,0.0001421608030796051,0.00027402862906455994,6.801262497901917e-05,0.0001332378014922142,0.00010624472051858901,0.00013102762303653722,5,TensorBoard
70,ZERO,-4.477798938751221e-06,-0.00021161697804927826,-0.00011877156794071198,-7.494725286960602e-05,6.968807429075241e-05,-6.802510470151901e-05,0.00010752316668505761,5,TensorBoard
71,ZERO,8.993037045001984e-05,-0.00040464848279953003,-6.52894377708435e-05,-3.5090371966362e-05,0.00019810348749160767,-4.3398886919021604e-05,0.00022756844348332728,5,TensorBoard
72,ZERO,0.00011224672198295593,-0.0001661684364080429,-6.516324356198311e-05,-8.348748087882996e-05,-2.5227665901184082e-05,-4.556002095341682e-05,0.00010208518649841783,5,TensorBoard
73,ZERO,-1.4057382941246033e-05,-3.108847886323929e-05,3.87728214263916e-05,-7.685273885726929e-06,7.737427949905396e-05,1.2663193047046661e-05,4.447329391475368e-05,5,TensorBoard
74,ZERO,1.385807991027832e-05,-0.0005097948014736176,-0.000186835415661335,8.053332567214966e-05,0.00013244524598121643,-9.395871311426162e-05,0.0002621432906875882,5,TensorBoard
75,ZERO,-0.00028387922793626785,2.742372453212738e-05,-0.0001502782106399536,9.320676326751709e-06,-3.761332482099533e-05,-8.700527250766754e-05,0.00012997602404353479,5,TensorBoard
76,ZERO,5.031190812587738e-05,0.00019716843962669373,-8.422881364822388e-05,2.761930227279663e-05,-8.655712008476257e-06,3.644302487373352e-05,0.00010331801831160806,5,TensorBoard
77,ZERO,-6.273947656154633e-05,0.00011819787323474884,5.8591365814208984e-05,1.73225998878479e-07,1.920759677886963e-05,2.668611705303192e-05,6.735752531980885e-05,5,TensorBoard
78,ZERO,3.6507844924926758e-06,0.00019259005784988403,-0.00010576378554105759,-0.00015018507838249207,2.952665090560913e-05,-6.036274135112762e-06,0.00013373054512460212,5,TensorBoard
79,ZERO,1.1808238923549652e-05,-0.00014642532914876938,-3.789551556110382e-05,-6.23166561126709e-05,-2.5944784283638e-05,-5.215480923652649e-05,5.910109654342294e-05,5,TensorBoard
80,ZERO,-8.410913869738579e-05,4.601944237947464e-05,-0.00010421499609947205,-1.8693506717681885e-05,-0.00010213814675807953,-5.262726917862892e-05,6.516594703510132e-05,5,TensorBoard
81,ZERO,-9.154435247182846e-05,-1.1570751667022705e-05,-0.0004402110353112221,-1.8130987882614136e-05,-0.00010944530367851257,-0.00013418048620224,0.00017648300145122904,5,TensorBoard
82,ZERO,-4.3958425521850586e-07,-4.218146204948425e-05,-8.360296487808228e-05,2.715177834033966e-05,-0.00036463700234889984,-9.274184703826905e-05,0.00015768721912384138,5,TensorBoard
83,ZERO,-2.9072165489196777e-05,2.069026231765747e-05,-0.00014444999396800995,6.090104579925537e-05,-0.00014454592019319534,-4.7295354306697845e-05,9.428319872506848e-05,5,TensorBoard
84,ZERO,-2.9974617063999176e-05,-6.192736327648163e-05,6.913021206855774e-05,-5.979090929031372e-05,-6.927922368049622e-05,-3.03683802485466e-05,5.7610401153107015e-05,5,TensorBoard
85,ZERO,3.3877789974212646e-05,7.989909499883652e-05,5.1818788051605225e-05,-9.847991168498993e-05,0.00010922551155090332,3.5268254578113556e-05,8.004063546788896e-05,5,TensorBoard
86,ZERO,-1.983530819416046e-05,8.52290540933609e-05,-0.000544670969247818,0.00013794563710689545,1.3896264135837555e-05,-6.548706442117691e-05,0.00027481958753671805,5,TensorBoard
87,ZERO,0.00024870969355106354,-1.8399208784103394e-05,-0.00033561699092388153,-0.0005250163376331329,-6.782542914152145e-05,-0.00013962965458631517,0.00029899583967315363,5,TensorBoard
88,ZERO,0.00010638497769832611,8.599832653999329e-06,-0.0002792961895465851,-0.00023191701620817184,5.748681724071503e-05,-6.774831563234329e-05,0.00017574068062422462,5,TensorBoard
89,ZERO,-5.561858415603638e-06,-9.000301361083984e-06,-0.00023925304412841797,0.00046028196811676025,-0.00038062548264861107,-3.4831743687391284e-05,0.0003193833727637313,5,TensorBoard
90,ZERO,-0.0001537185162305832,-5.8552250266075134e-05,3.310851752758026e-05,0.00013326480984687805,0.0002565719187259674,4.213489592075348e-05,0.0001603635197973752,5,TensorBoard
91,ZERO,-0.00013312092050909996,2.7939677238464355e-08,-0.00010963715612888336,0.00013982318341732025,-0.00020479783415794373,-6.154095754027367e-05,0.00013444117159906242,5,TensorBoard
92,ZERO,-0.00013144873082637787,4.1668303310871124e-05,-3.3814460039138794e-05,-0.0001084357500076294,0.00028569530695676804,1.073293387889862e-05,0.0001680495276644699,5,TensorBoard
93,ZERO,-0.00012418441474437714,-0.000138038769364357,6.460770964622498e-05,-0.00017648283392190933,-0.00021088309586048126,-0.00011699628084897995,0.00010703720029165411,5,TensorBoard
94,ZERO,-0.0001908726990222931,-0.0009665284305810928,2.5704503059387207e-07,-0.00012150034308433533,-8.013658225536346e-05,-0.00027175620198249817,0.0003945049743131172,5,TensorBoard
95,ZERO,0.000112876296043396,0.0004996070638298988,2.839602530002594e-05,-4.676729440689087e-05,-6.742589175701141e-05,0.0001053372398018837,0.00023152125763632373,5,TensorBoard
96,ZERO,-6.878003478050232e-05,-5.671009421348572e-05,3.5939738154411316e-06,0.00014800019562244415,-8.790940046310425e-05,-1.23610720038414e-05,9.595283308289942e-05,5,TensorBoard
97,ZERO,-2.0835548639297485e-05,0.0002414323389530182,1.9019469618797302e-05,4.498381167650223e-05,-0.0002824608236551285,4.278495907783508e-07,0.0001876780351696256,5,TensorBoard
98,ZERO,-4.84660267829895e-06,-0.0003793574869632721,-1.2461096048355103e-06,-4.614563658833504e-05,-8.0903060734272e-05,-0.00010249977931380272,0.00015817778484760622,5,TensorBoard
99,ZERO,-5.174800753593445e-05,-0.0002715364098548889,1.371186226606369e-05,-4.7421082854270935e-05,-0.00035646650940179825,-0.00014269202947616577,0.00016133036630751197,5,TensorBoard
100,ZERO,-8.388888090848923e-05,-0.0002102237194776535,-0.0005908515304327011,-1.3718381524085999e-05,0.0004311446100473404,-9.350758045911789e-05,0.0003683383018142712,5,TensorBoard
101,ZERO,-5.730427801609039e-05,-0.0002375878393650055,-0.00038173701614141464,-3.3173710107803345e-06,-6.106868386268616e-05,-0.0001482030376791954,0.00015761868417010918,5,TensorBoard
102,ZERO,-9.537208825349808e-05,-9.999051690101624e-05,7.186690345406532e-05,-7.797591388225555e-05,4.447996616363525e-06,-3.9404723793268204e-05,7.515842772702658e-05,5,TensorBoard
103,ZERO,1.7286278307437897e-05,-7.944554090499878e-05,6.1765313148498535e-06,-0.00015573203563690186,-0.00027494970709085464,-9.73328948020935e-05,0.00012158320733830431,5,TensorBoard
104,ZERO,-0.00010602083057165146,6.7894347012043e-05,-0.00010899268090724945,4.930049180984497e-05,-8.773431181907654e-05,-3.711059689521789e-05,8.799336525572083e-05,5,TensorBoard
105,ZERO,-2.24970281124115e-05,4.373956471681595e-05,-0.00012889131903648376,-7.534213364124298e-05,4.0774233639240265e-05,-2.8443336486816406e-05,7.470959810566975e-05,5,TensorBoard
106,ZERO,-1.4068558812141418e-05,-2.29664146900177e-05,0.00010606274008750916,1.4374963939189911e-05,-0.00018040090799331665,-1.939963549375534e-05,0.00010349406177680959,5,TensorBoard
107,ZERO,4.644505679607391e-06,8.72090458869934e-06,-0.0001318845897912979,1.0135583579540253e-05,-0.0001992546021938324,-6.152763962745667e-05,9.793881379917948e-05,5,TensorBoard
108,ZERO,-2.562999725341797e-06,-3.1929463148117065e-05,-0.000102238729596138,-3.957003355026245e-05,4.4737011194229126e-05,-2.6312842965126038e-05,5.381490642743852e-05,5,TensorBoard
109,ZERO,1.7294660210609436e-06,2.0895153284072876e-05,-2.1755695343017578e-05,6.121024489402771e-05,-0.00015572179108858109,-1.8728524446487425e-05,8.239400907142803e-05,5,TensorBoard
110,ZERO,-2.3070722818374634e-05,9.592622518539429e-07,2.2582709789276123e-05,-0.00010137446224689484,-0.0002570822834968567,-7.159709930419922e-05,0.00011377666298145816,5,TensorBoard
111,ZERO,-1.8734484910964966e-05,-5.2304938435554504e-05,1.8520280718803406e-05,0.0001013302244246006,-0.00020253844559192657,-3.0745472759008405e-05,0.00011179557701043979,5,TensorBoard
112,ZERO,3.005843609571457e-05,-8.010584861040115e-05,3.2298266887664795e-06,-1.0792165994644165e-05,-8.307350799441338e-05,-2.813665196299553e-05,5.0966192229438354e-05,5,TensorBoard
113,ZERO,4.828721284866333e-05,-0.00012503564357757568,-2.4089589715003967e-05,6.675068289041519e-05,-0.00013025104999542236,-3.28676775097847e-05,9.295892102025313e-05,5,TensorBoard
114,ZERO,-0.000140361487865448,-7.060263305902481e-05,-3.785081207752228e-05,1.1194497346878052e-05,-8.937902748584747e-06,-4.9311667680740356e-05,5.95100056181964e-05,5,TensorBoard
115,ZERO,1.6750767827033997e-05,-2.4002976715564728e-05,4.0629878640174866e-05,4.5262277126312256e-05,0.0001376718282699585,4.3262355029582976e-05,5.948018024653694e-05,5,TensorBoard
116,ZERO,6.0014426708221436e-06,-3.9793550968170166e-05,3.863498568534851e-05,-7.07767903804779e-05,0.00010360125452280045,7.533468306064606e-06,6.813775459200721e-05,5,TensorBoard
117,ZERO,-4.901085048913956e-05,4.5754946768283844e-05,-9.32253897190094e-06,9.670481085777283e-05,3.818422555923462e-07,1.6901642084121704e-05,5.591539831112467e-05,5,TensorBoard
118,ZERO,4.818476736545563e-05,3.48016619682312e-05,-1.3574957847595215e-05,-9.564682841300964e-06,0.00014546234160661697,4.106182605028153e-05,6.429932960963709e-05,5,TensorBoard
119,ZERO,0.00012129358947277069,6.26780092716217e-05,-3.976747393608093e-06,-0.00031709857285022736,-6.591901183128357e-05,-4.060454666614533e-05,0.00016978637842000391,5,TensorBoard
120,ZERO,3.252178430557251e-06,2.628657966852188e-05,-6.202887743711472e-05,0.00048658018931746483,-3.2708048820495605e-06,9.016385301947593e-05,0.00022398243202064442,5,TensorBoard
121,ZERO,1.4826655387878418e-06,4.675239324569702e-06,5.1227398216724396e-06,0.00015273597091436386,1.5115365386009216e-05,3.5826396197080615e-05,6.55541691707657e-05,5,TensorBoard
122,ZERO,-5.1781535148620605e-06,8.070841431617737e-06,-5.0939153879880905e-05,-5.079759284853935e-05,3.4479424357414246e-05,-1.2872926890850068e-05,3.750804601273824e-05,5,TensorBoard
123,ZERO,-2.693943679332733e-05,-8.338131010532379e-05,-1.3012439012527466e-05,8.228747174143791e-05,4.116445779800415e-07,-8.126813918352127e-06,5.976761588271593e-05,5,TensorBoard
124,ZERO,-6.209779530763626e-05,3.0023977160453796e-05,-0.00014807656407356262,1.2990087270736694e-05,1.1424534022808075e-05,-3.1147152185440063e-05,7.438545071628133e-05,5,TensorBoard
125,ZERO,-1.8347520381212234e-05,-7.483642548322678e-05,4.770234227180481e-06,6.981194019317627e-06,-1.3638287782669067e-05,-1.9014161080121993e-05,3.3116935144657646e-05,5,TensorBoard
126,ZERO,-9.786896407604218e-05,9.173993021249771e-05,-0.000118231400847435,-8.752429857850075e-05,3.2298266887664795e-06,-4.173098132014275e-05,8.794426314923267e-05,5,TensorBoard
127,ZERO,-3.234017640352249e-05,-4.18592244386673e-05,-1.2025237083435059e-05,-7.485784590244293e-05,-4.5476481318473816e-05,-4.1311793029308316e-05,2.280994430677029e-05,5,TensorBoard
128,ZERO,-0.00019773095846176147,6.7427754402160645e-06,-3.5136938095092773e-05,-0.00018542632460594177,-1.0844320058822632e-05,-8.447915315628052e-05,9.898798654121767e-05,5,TensorBoard
129,ZERO,-0.0003536958247423172,3.690645098686218e-05,-1.0138377547264099e-05,-0.00013762898743152618,-1.3617798686027527e-05,-9.563490748405456e-05,0.00015808432420621793,5,TensorBoard
130,ZERO,0.0001652296632528305,-0.0002310238778591156,3.825873136520386e-05,-0.00023195147514343262,-1.0371208190917969e-05,-5.3971633315086363e-05,0.00017427059925045107,5,TensorBoard
131,ZERO,-0.00011058337986469269,0.0001141764223575592,-4.709511995315552e-05,-0.00015251897275447845,-1.5156343579292297e-05,-4.223547875881195e-05,0.00010253714341510275,5,TensorBoard
132,ZERO,6.685219705104828e-05,-8.444488048553467e-05,7.335282862186432e-05,-0.00010014139115810394,9.54754650592804e-05,1.0218843817710876e-05,9.434316398673175e-05,5,TensorBoard
133,ZERO,-0.0001699952408671379,0.0001474497839808464,-1.6376376152038574e-05,-0.0002780687063932419,-7.035955786705017e-05,-7.747001945972443e-05,0.00016060250596764897,5,TensorBoard
134,ZERO,-5.2990391850471497e-05,0.00019627995789051056,1.5690922737121582e-05,6.684847176074982e-05,0.00012301653623580933,6.976909935474396e-05,9.597285917728605e-05,5,TensorBoard
135,ZERO,0.00023906677961349487,-6.0070306062698364e-06,1.0034069418907166e-05,4.606693983078003e-05,1.4831312000751495e-05,6.079841405153275e-05,0.00010142680499466561,5,TensorBoard
136,ZERO,-0.00012461934238672256,-6.574764847755432e-05,4.414469003677368e-06,1.9179657101631165e-05,5.1377806812524796e-05,-2.3079011589288713e-05,7.10924674517637e-05,5,TensorBoard
137,ZERO,-5.929730832576752e-05,-5.2694231271743774e-05,-3.89590859413147e-05,-5.201064050197601e-05,0.00010016374289989471,-2.0559504628181456e-05,6.788792073289773e-05,5,TensorBoard
138,ZERO,3.894604742527008e-05,-0.00030818209052085876,-3.2801181077957153e-06,4.314258694648743e-05,0.0002978779375553131,1.3700872659683228e-05,0.0002157300011792039,5,TensorBoard
139,ZERO,-3.7365127354860306e-05,2.512335777282715e-05,-0.0002004820853471756,7.57826492190361e-05,1.8464401364326477e-05,-2.3695360869169236e-05,0.00010665012400365064,5,TensorBoard
140,ZERO,-3.6034733057022095e-05,2.9724091291427612e-05,-9.324401617050171e-05,-3.782007843255997e-05,1.7113983631134033e-05,-2.4052150547504424e-05,4.926252931937562e-05,5,TensorBoard
141,ZERO,-4.119332879781723e-05,6.479211151599884e-06,-6.796140223741531e-05,-0.00029085250571370125,4.5221298933029175e-05,-6.966134533286095e-05,0.00013108609146079945,5,TensorBoard
142,ZERO,-5.782768130302429e-05,-2.1513551473617554e-06,0.00012583378702402115,4.1350722312927246e-05,-1.720711588859558e-05,1.7999671399593353e-05,6.994433006184029e-05,5,TensorBoard
143,ZERO,8.486490696668625e-05,2.0856037735939026e-05,4.7929584980010986e-05,2.3059546947479248e-05,-6.094202399253845e-05,2.315361052751541e-05,5.361785255932507e-05,5,TensorBoard
144,ZERO,0.00014563649892807007,-5.668029189109802e-06,4.555750638246536e-05,3.514811396598816e-05,-1.228228211402893e-05,4.1678361594676974e-05,6.328194451404404e-05,5,TensorBoard
145,ZERO,0.00013030506670475006,-4.32133674621582e-05,-1.8555670976638794e-05,6.240420043468475e-05,-7.074326276779175e-05,1.2039393186569215e-05,8.27122678010391e-05,5,TensorBoard
146,ZERO,-2.978462725877762e-05,-2.6959925889968872e-05,0.0001072511076927185,2.3911241441965103e-05,6.857514381408691e-05,2.8598587960004807e-05,5.979478107690509e-05,5,TensorBoard
147,ZERO,0.00013947486877441406,-6.256625056266785e-05,-0.0002634245902299881,-2.3978296667337418e-05,9.65222716331482e-06,-4.0168408304452896e-05,0.00014608294607744307,5,TensorBoard
148,ZERO,9.370408952236176e-05,-8.454825729131699e-05,-6.222771480679512e-05,8.781719952821732e-05,2.4454668164253235e-05,1.183999702334404e-05,8.278000418991268e-05,5,TensorBoard
149,ZERO,0.00011328980326652527,-7.285550236701965e-05,1.1570751667022705e-05,8.553639054298401e-05,-2.3358501493930817e-05,2.28365883231163e-05,7.669897475101136e-05,5,TensorBoard
150,ZERO,-5.966704338788986e-05,1.9079074263572693e-05,-4.947185516357422e-06,1.403316855430603e-05,1.4975666999816895e-06,-6.000883877277374e-06,3.149508404137116e-05,5,TensorBoard
151,ZERO,6.539002060890198e-05,-2.3869797587394714e-06,-8.338503539562225e-05,6.5676867961883545e-06,-8.093379437923431e-05,-1.894962042570114e-05,6.330993130349434e-05,5,TensorBoard
152,ZERO,9.631365537643433e-05,6.332993507385254e-06,-0.00011669332161545753,-1.4845281839370728e-06,-1.6922131180763245e-05,-6.490666419267655e-06,7.584800083585027e-05,5,TensorBoard
153,ZERO,-4.558265209197998e-05,-1.7212703824043274e-05,6.194785237312317e-05,2.802535891532898e-05,0.00012358976528048515,3.0153524130582808e-05,6.656813707635434e-05,5,TensorBoard
154,ZERO,1.0225921869277954e-06,3.7550926208496094e-06,-2.6715919375419617e-05,4.258379340171814e-05,-2.33454629778862e-05,-5.399808287620544e-07,2.7775074118266376e-05,5,TensorBoard
155,ZERO,-7.422640919685364e-07,-3.1562522053718567e-06,-0.0010823123157024384,4.6176835894584656e-05,-0.0001322682946920395,-0.00023446045815944672,0.00047858623344111873,5,TensorBoard
156,ZERO,5.181506276130676e-05,1.096399500966072e-05,-0.00046570319682359695,-5.440413951873779e-05,1.2624077498912811e-05,-8.894084021449089e-05,0.00021403930123135257,5,TensorBoard
157,ZERO,-3.5081058740615845e-05,-3.458745777606964e-05,0.0008475799113512039,-0.00011126697063446045,-5.8319419622421265e-06,0.00013216249644756317,0.00040183902312021936,5,TensorBoard
158,ZERO,0.00013834424316883087,6.458954885601997e-05,0.00022999383509159088,2.168118953704834e-06,-1.3459473848342896e-05,8.432725444436073e-05,0.00010104272930915236,5,TensorBoard
159,ZERO,-0.00027630291879177094,-0.00017496803775429726,-3.4724362194538116e-05,-5.254894495010376e-05,-6.736349314451218e-05,-0.00012118155136704445,0.00010251498471399222,5,TensorBoard
160,ZERO,-0.0001701880246400833,-8.203927427530289e-05,7.07525759935379e-06,2.364441752433777e-05,8.698366582393646e-05,-2.6904791593551635e-05,0.00010031244074313816,5,TensorBoard
161,ZERO,-3.844499588012695e-06,-0.00015873834490776062,-7.06501305103302e-05,-7.758848369121552e-05,-1.1563301086425781e-05,-6.447695195674897e-05,6.239266649137715e-05,5,TensorBoard
162,ZERO,1.2997537851333618e-05,-0.00013410672545433044,5.61494380235672e-06,5.833804607391357e-06,8.393079042434692e-06,-2.025347203016281e-05,6.37152626962537e-05,5,TensorBoard
163,ZERO,2.9645860195159912e-05,3.2922253012657166e-05,-3.490038216114044e-05,-9.444588795304298e-05,5.777925252914429e-06,-1.2200046330690385e-05,5.33619549966221e-05,5,TensorBoard
164,ZERO,5.453266203403473e-05,-8.269958198070526e-05,-5.8747828006744385e-06,-0.00021216832101345062,-1.4055520296096802e-05,-5.205310881137848e-05,0.00010187353504354225,5,TensorBoard
165,ZERO,0.00017209863290190697,-2.3633241653442383e-05,-2.5525689125061035e-05,8.676853030920029e-05,-2.7203932404518127e-05,3.650086000561714e-05,9.004901199847294e-05,5,TensorBoard
166,ZERO,-2.9265880584716797e-05,-0.00019830092787742615,-6.550922989845276e-05,4.9404799938201904e-05,-5.882233381271362e-06,-4.991069436073303e-05,9.285910945347306e-05,5,TensorBoard
167,ZERO,-0.0003888458013534546,7.509533315896988e-05,-4.877336323261261e-05,2.9942020773887634e-05,-7.732585072517395e-05,-8.198153227567673e-05,0.0001819959895715727,5,TensorBoard
168,ZERO,0.0003099096938967705,-3.7731602787971497e-05,-7.948465645313263e-05,4.6137720346450806e-06,0.00012554042041301727,6.456952542066574e-05,0.0001570995455246661,5,TensorBoard
169,ZERO,8.753873407840729e-05,-1.7896294593811035e-05,5.14984130859375e-05,-9.908154606819153e-05,-0.00018581049516797066,-3.275023773312569e-05,0.00011137234441565464,5,TensorBoard
170,ZERO,-3.845430910587311e-05,-6.060674786567688e-05,-2.24970281124115e-05,-1.3971701264381409e-05,1.5004537999629974e-05,-2.4105049669742583e-05,2.816516265022301e-05,5,TensorBoard
171,ZERO,0.00012709945440292358,-3.752484917640686e-05,9.944289922714233e-05,2.3827888071537018e-05,-0.00015127845108509064,1.2313388288021087e-05,0.000111966642553629,5,TensorBoard
172,ZERO,1.4355406165122986e-05,-9.708479046821594e-05,-8.355826139450073e-06,4.763714969158173e-06,-0.0001335619017481804,-4.397667944431305e-05,6.688252193408679e-05,5,TensorBoard
173,ZERO,2.526305615901947e-05,-8.076336234807968e-05,-9.71006229519844e-05,3.38749960064888e-05,0.00020115263760089874,1.6485340893268585e-05,0.00011920627115249242,5,TensorBoard
174,ZERO,-0.00014468282461166382,-9.129941463470459e-05,0.00010228250175714493,-3.343448042869568e-06,0.00010363571345806122,-6.681494414806366e-06,0.00011209230674610415,5,TensorBoard
175,ZERO,-0.00015630759298801422,3.442028537392616e-05,-9.858794510364532e-05,-0.00016853120177984238,8.386000990867615e-05,-6.102928891777992e-05,0.00011418055799574696,5,TensorBoard
176,ZERO,1.9906088709831238e-05,-8.643046021461487e-05,-0.0001403074711561203,-0.00010655354708433151,-0.00014903396368026733,-9.248387068510056e-05,6.773313872262124e-05,5,TensorBoard
177,ZERO,1.5912577509880066e-05,-5.568563938140869e-05,2.265721559524536e-05,3.1346455216407776e-05,1.1963769793510437e-05,5.23887574672699e-06,3.484233388319379e-05,5,TensorBoard
178,ZERO,3.2883137464523315e-05,-0.0003155553713440895,-7.490627467632294e-05,-2.8549693524837494e-06,-2.9025599360466003e-05,-7.789181545376777e-05,0.00013854819088887494,5,TensorBoard
179,ZERO,-0.00020845048129558563,-0.0002265535295009613,0.00014168396592140198,-0.00030831340700387955,-0.00018071383237838745,-0.00015646945685148238,0.00017331592727960366,5,TensorBoard
180,ZERO,-5.4799020290374756e-05,8.344277739524841e-05,-4.709325730800629e-05,-0.00024138018488883972,6.49578869342804e-05,-3.897435963153839e-05,0.00012949162308484546,5,TensorBoard
181,ZERO,7.827766239643097e-05,1.0872259736061096e-05,-3.5855919122695923e-06,-0.0009433720260858536,8.231215178966522e-05,-0.00015509910881519317,0.0004423533251510089,5,TensorBoard
182,ZERO,-2.7466565370559692e-05,2.0347535610198975e-05,-6.658956408500671e-05,-0.0004975870251655579,-0.00032829027622938156,-0.00017991717904806138,0.00022311376075922966,5,TensorBoard
183,ZERO,-0.00010908488184213638,-1.1351890861988068e-05,-2.79964879155159e-05,-0.000750221312046051,-0.00013987533748149872,-0.00020770598202943802,0.0003080180321173804,5,TensorBoard
184,ZERO,4.676356911659241e-05,2.0444393157958984e-05,7.502920925617218e-05,-0.00011749379336833954,-3.1128060072660446e-05,-1.2769363820552825e-06,7.58283944526655e-05,5,TensorBoard
185,ZERO,-5.851127207279205e-05,-0.00010961014777421951,3.855675458908081e-06,9.298976510763168e-05,1.2129545211791992e-05,-1.1829286813735962e-05,7.672578092974395e-05,5,TensorBoard
186,ZERO,2.991408109664917e-06,-3.116205334663391e-05,-4.3587759137153625e-05,-0.00014416594058275223,-1.651141792535782e-05,-4.648715257644653e-05,5.72954697391991e-05,5,TensorBoard
187,ZERO,3.4108757972717285e-05,-4.0728598833084106e-05,-0.00021015480160713196,-0.0004139132797718048,1.134723424911499e-05,-0.00012386813759803771,0.00018823100973830355,5,TensorBoard
188,ZERO,2.5890767574310303e-05,2.2767111659049988e-05,0.0003105141222476959,0.00016102753579616547,6.747432053089142e-06,0.00010538939386606216,0.00013043050521327072,5,TensorBoard
189,ZERO,-4.332512617111206e-06,3.46451997756958e-05,8.370354771614075e-05,0.00030862633138895035,3.606081008911133e-06,8.524972945451736e-05,0.00012956752951631686,5,TensorBoard
190,ZERO,1.012999564409256e-05,5.3942203521728516e-06,5.366280674934387e-06,2.1723099052906036e-05,-2.284720540046692e-05,3.953278064727783e-06,1.6403179440488867e-05,5,TensorBoard
191,ZERO,-5.745468661189079e-05,-5.1721930503845215e-05,3.1171366572380066e-06,-8.51564109325409e-05,2.752244472503662e-05,-3.2738689333200456e-05,4.646478785039935e-05,5,TensorBoard
192,ZERO,-3.137998282909393e-05,-6.157159805297852e-05,3.1534582376480103e-06,-2.985633909702301e-05,5.61494380235672e-06,-2.2807903587818145e-05,2.787308538640985e-05,5,TensorBoard
193,ZERO,-1.0207295417785645e-06,0.0001139473170042038,-6.1318278312683105e-06,-8.750706911087036e-06,2.161320298910141e-05,2.393145114183426e-05,5.172708647296921e-05,5,TensorBoard
194,ZERO,2.6149675250053406e-05,-0.00012052059173583984,-4.535261541604996e-05,-5.548819899559021e-06,4.098564386367798e-05,-2.085734158754349e-05,6.481000537690343e-05,5,TensorBoard
195,ZERO,-0.00014127232134342194,4.5583583414554596e-05,3.696512430906296e-05,-5.684420466423035e-05,-9.138137102127075e-06,-2.4941191077232362e-05,7.682220766436341e-05,5,TensorBoard
196,ZERO,-7.989257574081421e-05,9.994953870773315e-06,-0.00019060447812080383,5.606561899185181e-06,-4.362314939498901e-06,-5.185157060623169e-05,8.576177222017427e-05,5,TensorBoard
197,ZERO,9.203702211380005e-05,-0.00017134100198745728,-0.00023398920893669128,2.2919848561286926e-06,1.228228211402893e-05,-5.974378436803818e-05,0.0001368292833203995,5,TensorBoard
198,ZERO,1.1563301086425781e-05,2.466142177581787e-06,-0.00020514056086540222,-4.708021879196167e-05,-2.479180693626404e-06,-4.8134103417396544e-05,9.063756848136244e-05,5,TensorBoard
199,ZERO,8.81589949131012e-06,-6.590783596038818e-05,8.369609713554382e-05,-5.7295896112918854e-05,-9.254366159439087e-05,-2.464707940816879e-05,7.112727324392056e-05,5,TensorBoard
200,ZERO,6.533414125442505e-05,5.013681948184967e-05,-0.00043859705328941345,3.17692756652832e-05,1.3606622815132141e-05,-5.555003881454468e-05,0.0002150087317032777,5,TensorBoard
